in_channels,out_channels,kernel_size,stride,groups,hw
1680,1680,3,1,10,7
3000,3000,3,2,25,14
208,52,1,1,1,14
792,792,3,2,11,7
448,448,3,2,4,56
192,192,3,2,24,7
840,840,3,2,7,28
304,76,1,1,1,7
1088,272,1,1,1,7
116,232,1,2,1,112
1560,1560,3,2,13,14
32,32,3,1,2,28
52,208,1,1,1,14
560,560,3,2,5,14
656,656,1,1,1,7
768,192,1,1,1,7
512,512,3,2,4,28
936,936,3,2,39,7
174,696,1,1,1,28
56,168,1,2,1,112
3480,3480,3,1,15,14
1624,1624,1,1,1,28
24,24,3,2,1,56
896,896,3,2,28,14
560,140,1,1,1,28
16,4,1,1,1,28
2496,2496,3,2,39,14
1480,1480,3,2,37,14
1680,1680,1,1,1,14
518,2072,1,1,1,14
320,320,3,1,8,56
1584,1584,3,1,33,14
24,96,1,1,1,112
64,256,1,1,1,56
182,728,1,1,1,7
320,320,3,1,8,28
192,192,3,2,3,56
1680,1680,3,2,10,28
420,1680,1,1,1,7
104,104,1,1,1,28
1248,1248,1,1,1,14
1800,1800,1,1,1,28
2280,2280,3,1,19,7
1392,1392,3,1,29,14
2736,2736,1,1,1,14
78,312,1,1,1,14
384,384,3,2,6,14
1568,1568,3,1,14,7
400,400,1,1,1,7
64,64,3,2,1,112
64,64,3,2,4,28
456,456,3,2,19,7
48,192,1,1,1,112
328,1312,1,1,1,14
1848,1848,3,1,33,14
248,248,1,1,1,14
1680,1680,3,1,14,7
88,88,1,1,1,7
480,480,3,1,30,14
2352,2352,3,2,21,14
870,3480,1,1,1,28
154,464,1,2,1,56
2688,2688,3,2,42,14
2560,640,1,1,1,7
1152,1152,3,1,18,14
3712,3712,1,1,1,7
960,960,3,1,24,14
390,1560,1,1,1,7
1200,1200,3,2,25,7
6,24,1,1,1,56
2592,2592,3,1,36,14
1160,1160,1,1,1,14
512,2048,1,1,1,7
600,600,3,2,25,14
280,1120,1,1,1,28
3472,868,1,1,1,7
1984,1984,1,1,1,14
240,60,1,1,1,112
1056,264,1,1,1,14
192,192,3,2,12,14
3192,3192,3,2,19,7
2912,2912,3,1,26,7
700,2800,1,1,1,7
176,176,3,2,22,7
3360,3360,1,1,1,7
64,16,1,1,1,7
336,336,3,1,6,28
96,96,3,1,6,56
112,224,1,1,1,112
280,70,1,1,1,28
600,600,3,2,15,7
2240,2240,3,1,20,14
960,3840,1,1,1,14
1800,1800,1,1,1,7
144,36,1,1,1,7
252,1008,1,1,1,14
384,1536,1,1,1,7
48,48,3,2,1,56
224,56,1,1,1,112
210,840,1,1,1,28
160,160,3,1,10,7
928,928,1,1,1,7
3600,3600,3,2,30,7
90,360,1,1,1,7
480,480,1,1,1,112
48,192,1,1,1,14
480,480,3,2,12,14
1848,1848,3,1,11,7
272,68,1,1,1,7
144,288,1,1,1,112
400,400,1,1,1,14
432,432,3,1,9,7
552,552,3,1,23,7
1792,1792,3,1,28,14
8,16,1,2,1,56
2048,2048,3,2,16,7
168,504,1,1,1,56
80,80,3,2,2,112
80,80,3,2,5,56
62,248,1,1,1,7
1296,1296,1,1,1,14
896,896,3,1,16,14
1512,378,1,1,1,7
3136,3136,3,2,28,14
984,246,1,1,1,14
1344,1344,3,1,24,7
1872,468,1,1,1,14
40,40,1,1,1,28
150,600,1,1,1,14
1512,1512,3,2,27,14
1008,1008,1,1,1,14
2016,2016,3,2,42,7
456,456,3,1,19,7
3120,3120,3,1,26,7
1008,1008,3,2,18,14
372,1488,1,1,1,7
760,760,1,1,1,7
120,120,3,1,5,28
88,22,1,1,1,14
2088,2088,3,2,9,7
1776,1776,3,2,37,14
512,512,3,1,16,28
288,288,3,2,12,7
1512,1512,3,1,9,28
1120,1120,3,1,10,7
1024,1024,3,2,8,28
240,240,3,2,30,7
864,216,1,1,1,14
798,3192,1,1,1,14
464,928,1,1,1,112
384,384,1,1,1,7
3024,3024,3,2,42,14
2184,2184,3,2,13,14
2912,2912,3,2,26,7
2368,592,1,1,1,7
390,1560,1,1,1,14
208,208,3,1,26,7
2352,588,1,1,1,7
672,672,3,2,12,28
1632,1632,3,2,34,7
2016,2016,3,2,42,14
216,54,1,1,1,56
960,960,3,2,8,7
432,432,3,1,27,14
756,3024,1,1,1,7
192,192,3,1,4,112
1224,1224,3,1,17,7
320,320,1,1,1,7
1368,1368,3,2,19,7
3968,3968,1,1,1,14
160,160,3,1,5,28
1344,1344,1,1,1,28
384,384,3,1,16,7
328,328,3,2,41,7
384,384,3,1,12,7
840,840,3,1,35,14
576,576,1,1,1,14
672,672,3,1,12,7
128,128,3,1,4,28
960,960,3,2,30,14
364,1456,1,1,1,7
360,360,3,2,9,28
480,480,3,1,10,7
360,90,1,1,1,7
384,384,3,2,16,14
1080,1080,1,1,1,14
56,224,1,1,1,112
480,120,1,1,1,56
64,64,3,1,4,14
2736,2736,3,1,38,14
176,176,3,2,11,14
48,12,1,1,1,56
1656,1656,3,2,23,7
2304,2304,3,2,32,7
952,952,1,1,1,14
304,304,3,1,19,14
5,16,1,1,1,112
464,464,1,1,1,28
1312,1312,3,2,41,7
928,928,3,2,4,28
320,320,3,2,8,28
22,88,1,1,1,14
2736,2736,3,2,38,7
2688,672,1,1,1,28
2296,574,1,1,1,14
216,216,1,1,1,14
80,80,1,1,1,28
96,288,1,2,1,112
672,672,3,2,42,14
2520,2520,3,1,15,7
240,480,1,2,1,56
448,112,1,1,1,7
560,560,1,1,1,28
296,296,3,1,37,7
1408,352,1,1,1,7
1080,1080,3,2,27,14
2520,2520,1,1,1,14
1360,1360,3,2,34,14
800,3200,1,1,1,7
32,32,3,1,1,56
528,132,1,1,1,28
22,88,1,1,1,28
1008,1008,3,2,21,7
2048,512,1,1,1,14
70,280,1,1,1,28
4,16,1,1,1,56
128,128,3,2,4,56
3248,3248,3,2,29,14
576,576,3,2,9,7
1656,1656,3,1,23,14
3016,754,1,1,1,14
224,56,1,1,1,7
248,62,1,1,1,7
1904,476,1,1,1,7
1024,1024,1,1,1,56
512,128,1,1,1,112
2784,2784,3,1,12,28
512,512,3,1,16,7
600,600,3,1,25,14
384,384,3,1,12,14
416,416,3,2,26,7
680,680,3,2,17,14
40,120,1,1,1,112
480,480,3,2,10,7
2520,2520,1,1,1,7
1280,1280,3,2,40,7
3360,3360,1,1,1,14
1944,1944,1,1,1,14
3472,3472,3,2,31,14
352,352,3,1,11,28
1280,1280,3,1,32,7
3248,812,1,1,1,7
64,128,1,2,1,112
104,26,1,1,1,28
512,512,3,2,8,56
48,96,1,1,1,56
496,496,1,1,1,7
96,96,3,1,4,14
140,560,1,1,1,28
512,512,3,1,8,7
702,2808,1,1,1,14
672,672,3,2,14,28
352,88,1,1,1,14
368,368,3,1,23,7
264,264,1,1,1,7
952,3808,1,1,1,7
288,288,3,2,9,7
612,2448,1,1,1,7
3528,3528,3,1,21,14
792,792,3,2,11,14
200,200,3,1,25,7
2816,2816,3,2,22,7
21,64,1,2,1,112
328,328,3,2,41,14
138,552,1,1,1,14
336,672,1,2,1,56
112,112,3,1,14,28
234,936,1,1,1,14
1856,1856,3,2,8,7
2072,2072,1,1,1,14
192,384,1,1,1,112
352,352,1,1,1,28
192,192,3,1,8,7
126,504,1,1,1,56
1480,1480,3,2,37,7
232,232,3,2,1,112
1664,1664,3,1,26,14
8,8,3,1,1,56
2088,2088,3,2,29,14
2112,2112,3,2,33,7
3712,3712,3,2,16,28
2688,2688,3,2,24,7
48,96,1,2,1,56
696,696,3,1,3,56
72,18,1,1,1,28
574,2296,1,1,1,7
2520,2520,3,1,35,7
1008,252,1,1,1,7
960,960,3,1,8,56
2184,2184,3,1,39,14
336,336,3,2,3,56
1680,1680,3,2,30,14
2088,522,1,1,1,28
3920,3920,1,1,1,7
320,320,1,1,1,56
252,1008,1,1,1,7
496,124,1,1,1,14
80,160,1,1,1,112
1824,456,1,1,1,14
2016,2016,1,1,1,28
1184,1184,3,2,37,14
3968,992,1,1,1,7
216,216,3,1,9,28
400,400,3,2,25,7
864,216,1,1,1,28
144,144,3,1,2,56
432,432,3,2,6,56
928,232,1,1,1,56
149,448,1,1,1,56
1680,1680,3,2,30,7
288,72,1,1,1,112
1624,406,1,1,1,14
116,464,1,1,1,112
600,600,3,1,5,14
928,928,3,1,4,112
40,10,1,1,1,56
288,288,3,1,4,14
3480,870,1,1,1,7
624,624,3,2,26,14
1920,1920,1,1,1,14
560,560,3,1,5,14
216,864,1,1,1,14
224,224,3,1,7,28
1568,392,1,1,1,28
168,168,3,1,7,56
736,184,1,1,1,14
306,1224,1,1,1,7
3960,3960,1,1,1,14
234,936,1,1,1,28
72,72,3,2,3,56
638,2552,1,1,1,28
1320,1320,3,2,11,7
2,8,1,1,1,112
232,928,1,1,1,112
432,108,1,1,1,7
546,2184,1,1,1,7
1024,1024,3,2,32,14
48,192,1,1,1,56
720,720,3,2,15,28
34,136,1,1,1,7
112,112,3,2,14,7
1392,348,1,1,1,7
3200,3200,1,1,1,14
504,504,3,2,9,7
288,1152,1,1,1,28
864,864,3,1,27,7
1200,1200,3,2,25,14
160,640,1,1,1,7
336,336,3,1,7,14
102,408,1,1,1,7
160,40,1,1,1,14
48,12,1,1,1,112
832,832,1,1,1,7
32,32,3,1,2,56
1968,1968,3,1,41,7
144,36,1,1,1,112
784,196,1,1,1,14
224,224,1,1,1,14
1344,1344,3,2,8,14
640,640,3,1,16,14
144,144,3,1,3,56
312,312,3,2,13,28
96,384,1,1,1,112
2176,2176,1,1,1,7
1088,1088,3,1,34,7
592,592,3,2,37,7
2736,2736,1,1,1,7
2016,2016,3,1,12,14
680,170,1,1,1,14
2016,2016,1,1,1,14
1560,1560,3,1,13,28
1160,1160,3,2,5,56
82,328,1,1,1,14
40,80,1,1,1,112
1120,1120,3,2,10,14
384,384,3,1,6,14
240,960,1,1,1,14
784,196,1,1,1,7
588,2352,1,1,1,14
2944,736,1,1,1,7
960,960,3,1,15,7
816,816,1,1,1,7
40,120,1,1,1,56
1280,1280,3,2,32,7
504,504,1,1,1,14
312,78,1,1,1,28
640,640,3,1,10,28
128,128,1,1,1,14
992,992,3,1,31,7
672,672,3,1,6,14
504,504,1,1,1,56
1008,1008,3,2,14,28
2176,2176,3,1,17,14
1792,1792,3,2,14,14
184,184,3,1,23,14
1872,1872,3,2,39,7
72,18,1,1,1,7
984,984,1,1,1,14
560,560,3,2,5,28
216,216,1,1,1,56
600,600,1,1,1,28
704,704,3,1,22,14
116,464,1,1,1,7
240,240,3,1,2,112
168,168,3,2,7,28
1856,1856,3,1,8,7
1280,1280,3,1,10,14
496,1984,1,1,1,14
840,840,3,1,5,56
198,792,1,1,1,14
320,320,3,1,8,14
256,256,3,1,2,28
640,640,3,1,16,28
112,224,1,2,1,112
176,44,1,1,1,7
3248,812,1,1,1,28
532,2128,1,1,1,7
1000,1000,3,1,25,7
100,400,1,1,1,28
928,232,1,1,1,14
800,800,3,2,25,7
1120,1120,3,1,20,7
288,288,1,1,1,14
2952,738,1,1,1,14
1344,1344,3,2,24,7
3840,3840,3,1,32,7
320,320,3,1,20,7
2160,2160,3,1,30,14
1056,1056,1,1,1,14
53,160,1,2,1,56
592,592,3,1,37,7
1872,1872,3,1,26,7
128,128,3,1,4,56
1680,1680,3,1,10,14
224,56,1,1,1,56
2688,2688,3,1,42,7
680,680,3,1,17,14
624,624,1,1,1,7
128,128,3,2,16,14
160,160,3,1,5,14
3240,810,1,1,1,7
1200,1200,3,1,10,14
144,144,3,2,2,28
1512,1512,3,2,9,14
924,3696,1,1,1,7
2552,2552,3,1,11,7
800,800,3,1,25,7
192,192,3,1,6,56
784,784,1,1,1,14
3712,928,1,1,1,28
336,336,3,2,6,14
280,1120,1,1,1,14
208,208,1,1,1,7
128,128,3,1,4,112
80,80,1,1,1,14
672,672,1,1,1,14
1232,308,1,1,1,14
2112,2112,3,1,33,14
864,864,1,1,1,28
558,2232,1,1,1,14
800,800,3,2,25,14
48,48,3,1,3,56
80,80,3,1,5,28
768,768,3,1,12,28
2520,2520,3,1,21,7
1064,266,1,1,1,7
2448,2448,3,1,34,14
1456,364,1,1,1,14
80,80,3,2,2,28
816,816,3,1,17,14
2040,2040,3,1,17,7
1960,490,1,1,1,7
3712,3712,1,1,1,28
2240,2240,1,1,1,14
832,832,3,2,13,14
560,560,3,2,35,7
1736,434,1,1,1,14
32,96,1,1,1,112
640,640,3,2,16,7
104,104,3,2,13,28
1184,1184,1,1,1,14
480,480,3,2,12,28
2448,2448,1,1,1,7
1656,1656,3,1,23,7
528,528,3,1,22,7
1000,1000,1,1,1,7
896,896,3,1,28,7
888,888,3,2,37,7
1792,1792,3,2,16,14
96,288,1,1,1,112
80,80,3,1,10,28
896,896,3,1,28,14
224,224,1,1,1,28
1960,1960,3,2,35,7
56,56,3,2,1,56
16,4,1,1,1,56
10,32,1,1,1,112
2520,2520,3,1,35,14
1344,1344,3,1,8,7
840,210,1,1,1,7
648,162,1,1,1,14
720,720,3,1,6,14
112,28,1,1,1,112
264,66,1,1,1,28
1024,1024,3,2,32,7
3360,3360,3,2,20,7
168,504,1,2,1,56
208,208,3,1,13,7
1920,1920,3,1,40,14
320,320,3,2,5,28
768,192,1,1,1,14
352,352,3,2,11,14
2800,700,1,1,1,7
960,960,3,1,8,7
3024,3024,3,2,18,7
85,256,1,2,1,56
56,56,3,2,7,56
40,10,1,1,1,28
160,160,1,1,1,56
1568,1568,3,2,28,14
336,336,3,2,3,28
8,2,1,1,1,112
2072,2072,3,1,37,7
384,1536,1,1,1,14
912,912,3,2,38,7
456,456,1,1,1,14
2368,2368,3,1,37,14
576,576,3,2,18,14
528,132,1,1,1,7
1120,1120,3,2,35,7
328,328,1,1,1,7
64,128,1,1,1,112
1568,1568,3,1,14,28
128,128,3,1,1,112
200,800,1,1,1,7
2640,2640,3,1,22,14
1440,1440,3,2,12,7
102,408,1,1,1,14
410,1640,1,1,1,7
272,1088,1,1,1,7
232,696,1,2,1,112
2232,2232,3,2,31,14
84,336,1,1,1,28
64,64,3,1,8,14
560,560,3,1,10,28
144,144,3,1,2,112
32,32,3,2,2,28
58,232,1,1,1,112
112,28,1,1,1,7
1480,1480,1,1,1,14
416,104,1,1,1,14
1440,1440,3,2,30,14
1064,1064,3,2,19,14
2072,518,1,1,1,14
308,1232,1,1,1,28
592,2368,1,1,1,7
256,1024,1,1,1,14
160,640,1,1,1,28
312,312,3,1,39,14
760,760,3,2,19,7
1728,1728,3,2,27,14
2880,2880,3,2,24,7
1296,1296,3,1,18,14
480,120,1,1,1,28
2088,2088,3,1,29,14
1456,1456,3,1,13,28
290,1160,1,1,1,14
1440,1440,3,1,20,14
68,272,1,1,1,14
144,576,1,1,1,56
2816,2816,3,1,22,14
368,92,1,1,1,7
98,392,1,1,1,56
2048,2048,1,1,1,14
672,672,3,2,12,14
72,144,1,2,1,112
952,952,3,2,17,7
336,336,3,2,7,28
684,2736,1,1,1,14
696,2784,1,1,1,14
672,168,1,1,1,28
336,672,1,2,1,112
336,336,1,1,1,112
1560,1560,3,2,39,7
666,2664,1,1,1,7
2664,2664,1,1,1,7
1232,1232,3,2,11,14
768,768,3,2,16,7
1024,256,1,1,1,7
248,992,1,1,1,14
1824,1824,3,1,38,14
3000,3000,3,2,25,7
16,16,3,1,2,28
3240,3240,3,2,27,14
1456,1456,3,1,26,14
696,696,3,1,3,28
2016,2016,3,2,18,7
264,264,1,1,1,28
112,112,3,2,7,56
728,182,1,1,1,28
2552,2552,1,1,1,7
630,2520,1,1,1,28
1312,1312,1,1,1,7
1560,390,1,1,1,14
40,40,3,2,5,56
2664,2664,3,1,37,14
100,400,1,1,1,14
80,80,3,1,10,7
28,112,1,1,1,112
216,216,3,2,9,14
1120,1120,3,2,10,7
2240,2240,3,2,20,14
2112,2112,3,2,33,14
812,3248,1,1,1,14
720,720,3,1,6,28
384,384,1,1,1,14
896,896,1,1,1,14
192,48,1,1,1,56
384,384,3,1,8,7
256,256,3,1,16,7
728,182,1,1,1,14
3472,3472,3,1,31,14
216,216,1,1,1,28
512,512,3,2,4,56
132,528,1,1,1,28
2304,2304,3,2,32,14
256,256,3,2,32,7
696,174,1,1,1,28
2368,2368,1,1,1,7
296,296,1,1,1,7
720,720,1,1,1,28
480,480,3,1,10,14
448,1792,1,1,1,28
368,368,1,1,1,7
336,336,3,1,21,7
160,160,3,1,4,56
784,784,3,2,14,7
616,154,1,1,1,7
208,832,1,1,1,14
40,40,1,1,1,112
1024,1024,3,1,8,14
2784,2784,1,1,1,14
152,38,1,1,1,14
408,408,1,1,1,14
2520,2520,1,1,1,28
760,760,1,1,1,14
552,552,3,1,23,14
1232,1232,3,1,22,7
1600,400,1,1,1,14
504,504,3,2,3,28
928,232,1,1,1,7
2880,2880,1,1,1,14
2016,2016,3,2,28,7
1472,1472,3,2,23,14
1624,406,1,1,1,7
24,6,1,1,1,112
720,720,3,2,6,56
64,64,3,2,1,56
720,720,3,2,18,14
68,272,1,1,1,7
1008,1008,3,1,14,28
966,3864,1,1,1,7
168,168,3,1,21,14
2320,580,1,1,1,14
1872,1872,3,2,26,7
76,304,1,1,1,14
624,2496,1,1,1,14
48,48,3,2,2,56
960,240,1,1,1,56
96,96,3,2,12,28
2576,644,1,1,1,7
3328,832,1,1,1,14
144,144,3,2,9,14
464,464,3,2,2,28
112,112,1,1,1,14
560,560,1,1,1,56
128,128,3,2,2,28
696,696,3,2,3,28
2736,2736,3,2,38,14
2640,660,1,1,1,14
168,168,1,1,1,28
560,140,1,1,1,56
1152,1152,3,2,24,14
624,156,1,1,1,7
384,384,3,1,8,14
1680,420,1,1,1,7
1024,256,1,1,1,14
840,840,3,2,35,7
816,816,3,2,34,14
256,256,3,1,8,28
1184,1184,3,1,37,14
784,784,3,1,7,28
112,112,3,2,2,112
1080,1080,3,2,9,7
576,2304,1,1,1,14
77,232,1,2,1,56
88,88,3,2,11,14
256,256,3,1,16,28
128,128,3,2,8,14
936,234,1,1,1,28
192,192,3,2,4,56
1120,1120,3,1,28,14
672,672,3,2,28,7
2280,570,1,1,1,7
2352,588,1,1,1,28
800,800,3,2,20,14
56,168,1,2,1,56
1152,1152,3,2,9,7
108,432,1,1,1,28
832,3328,1,1,1,14
18,72,1,1,1,112
304,304,3,2,19,14
180,720,1,1,1,14
464,464,3,1,2,112
960,960,3,2,15,7
2072,2072,3,2,37,7
392,392,3,1,7,14
3000,750,1,1,1,7
1920,1920,3,1,30,14
1400,1400,3,1,25,7
1728,1728,3,1,27,14
1080,1080,3,1,9,28
576,576,3,1,9,7
72,72,3,2,9,28
320,320,3,1,5,28
290,1160,1,1,1,7
1176,1176,3,1,21,14
464,464,1,1,1,7
2432,2432,3,1,19,14
928,928,3,2,4,56
1584,1584,1,1,1,14
144,144,3,2,18,7
26,104,1,1,1,7
1600,1600,3,1,40,7
224,448,1,1,1,112
464,464,3,2,2,112
208,52,1,1,1,7
832,832,3,1,26,7
576,576,3,2,8,14
960,960,3,2,20,7
13,40,1,2,1,112
72,72,3,2,3,28
1680,1680,3,1,14,28
576,576,3,2,12,7
832,832,3,1,26,14
400,100,1,1,1,7
504,126,1,1,1,14
308,1232,1,1,1,14
56,56,1,1,1,14
1920,480,1,1,1,14
96,192,1,2,1,112
156,624,1,1,1,28
280,280,3,1,5,14
120,360,1,2,1,56
62,248,1,1,1,14
416,416,3,1,26,7
1408,1408,3,2,22,7
1632,408,1,1,1,14
570,2280,1,1,1,7
3864,966,1,1,1,7
672,672,3,2,6,56
2240,2240,3,2,35,7
1680,1680,3,1,10,28
64,64,3,1,1,112
1856,1856,1,1,1,7
2688,672,1,1,1,14
3944,3944,1,1,1,7
1152,1152,3,2,36,7
600,600,3,1,5,28
192,192,3,1,8,28
1320,1320,3,2,11,14
3528,882,1,1,1,14
704,704,3,1,11,7
288,288,3,1,6,56
696,2784,1,1,1,7
224,224,3,1,14,7
504,504,3,2,3,112
736,736,3,2,23,7
224,672,1,2,1,112
2376,2376,1,1,1,14
1200,1200,3,1,10,28
2552,2552,1,1,1,14
986,3944,1,1,1,14
640,640,3,2,10,14
384,384,3,2,12,14
1440,1440,3,2,20,7
640,2560,1,1,1,7
880,220,1,1,1,14
264,264,3,2,33,7
930,3720,1,1,1,7
96,96,3,2,3,28
1440,1440,3,1,20,7
336,336,3,1,3,112
88,88,1,1,1,14
1872,1872,3,2,39,14
3696,3696,1,1,1,14
1664,1664,3,2,13,7
224,224,3,1,4,56
1440,1440,3,1,36,7
330,1320,1,1,1,14
840,840,1,1,1,56
2368,2368,3,1,37,7
464,464,3,1,2,28
168,168,3,1,7,14
2128,2128,3,2,19,14
276,1104,1,1,1,7
3248,3248,1,1,1,14
880,880,3,2,22,14
2320,2320,3,1,10,14
1512,1512,3,1,21,7
24,24,3,1,1,56
672,672,3,1,4,112
440,440,3,1,11,14
336,336,3,1,42,14
72,72,3,2,9,14
1456,1456,3,2,13,28
160,160,3,1,4,112
2552,2552,3,2,11,28
112,112,3,2,1,56
248,248,1,1,1,7
2688,2688,3,2,16,28
1160,290,1,1,1,14
882,3528,1,1,1,14
288,72,1,1,1,28
1600,1600,3,2,25,14
352,1408,1,1,1,28
2048,2048,3,1,16,14
432,432,3,1,27,7
74,224,1,1,1,56
2432,2432,3,1,38,7
1624,1624,3,2,7,28
2784,2784,1,1,1,28
336,336,3,1,2,112
504,504,1,1,1,28
1080,1080,3,1,15,7
1680,1680,3,1,30,14
704,704,3,2,22,7
128,128,3,2,2,112
928,928,3,1,29,7
32,64,1,1,1,112
3200,3200,3,2,25,7
360,360,3,1,5,28
768,768,1,1,1,28
96,96,3,1,12,28
1792,1792,3,2,32,14
248,62,1,1,1,14
1856,1856,1,1,1,28
2368,2368,3,2,37,14
440,110,1,1,1,28
2560,2560,3,1,40,14
288,288,3,2,18,7
240,240,3,2,10,28
280,280,3,1,7,14
176,176,3,2,11,7
2048,2048,3,1,16,7
896,896,3,1,14,7
66,264,1,1,1,28
128,128,3,2,4,28
3944,3944,3,1,17,7
280,280,3,1,5,56
3720,3720,1,1,1,7
3120,780,1,1,1,7
2912,728,1,1,1,7
196,784,1,1,1,28
280,70,1,1,1,14
490,1960,1,1,1,14
812,3248,1,1,1,28
1680,1680,3,1,14,14
2088,2088,3,1,29,7
288,288,3,2,4,28
3360,840,1,1,1,7
370,1480,1,1,1,14
936,936,3,2,13,14
30,120,1,1,1,112
576,576,1,1,1,56
480,480,1,1,1,56
2432,2432,3,2,38,14
1560,390,1,1,1,28
528,528,1,1,1,14
464,116,1,1,1,14
360,360,1,1,1,28
2040,510,1,1,1,14
936,936,3,1,39,14
3360,3360,3,2,28,14
1512,378,1,1,1,28
1152,1152,3,2,36,14
1904,1904,1,1,1,7
2952,2952,3,2,41,14
37,112,1,1,1,112
40,40,3,2,1,112
56,14,1,1,1,56
2640,2640,1,1,1,7
380,1520,1,1,1,14
640,640,1,1,1,56
224,224,3,2,28,14
392,1568,1,1,1,14
348,1392,1,1,1,28
936,936,1,1,1,14
104,104,3,1,13,28
3456,3456,3,2,27,14
1392,1392,3,2,29,14
464,464,3,2,29,7
2784,696,1,1,1,7
272,272,1,1,1,7
3016,3016,3,1,13,14
248,248,3,2,31,7
672,672,3,1,14,14
144,36,1,1,1,14
792,792,1,1,1,7
112,112,3,2,2,56
8,24,1,1,1,112
1984,496,1,1,1,7
168,168,3,2,3,112
32,64,1,2,1,56
240,60,1,1,1,14
40,40,3,1,1,56
2040,2040,3,1,17,14
40,160,1,1,1,56
2560,2560,3,2,40,7
896,896,1,1,1,56
440,440,1,1,1,7
24,96,1,1,1,14
576,576,3,2,9,28
1776,1776,3,1,37,7
616,154,1,1,1,28
864,3456,1,1,1,14
1344,336,1,1,1,56
64,64,3,2,8,7
840,840,3,2,15,28
504,504,3,2,7,28
1920,1920,3,1,40,7
984,984,1,1,1,7
728,728,3,2,13,7
1856,1856,3,2,29,14
1152,1152,3,1,9,14
2880,2880,3,1,24,7
912,228,1,1,1,7
612,2448,1,1,1,14
3456,3456,3,1,27,7
85,256,1,2,1,112
640,640,3,1,5,14
528,528,3,1,11,7
624,624,3,2,13,7
2880,2880,3,2,24,14
2688,2688,1,1,1,7
288,288,3,2,4,14
216,216,3,1,3,112
1280,1280,3,2,20,14
468,1872,1,1,1,7
616,616,1,1,1,7
864,864,3,2,18,7
16,16,3,2,1,56
352,352,3,2,22,14
1216,1216,3,1,38,7
288,288,3,2,6,28
77,232,1,1,1,56
96,24,1,1,1,28
72,72,3,2,1,56
704,704,1,1,1,28
240,240,3,1,6,28
1440,1440,3,1,30,7
560,560,1,1,1,14
990,3960,1,1,1,7
104,104,3,1,13,7
256,512,1,1,1,56
128,128,3,1,2,112
136,34,1,1,1,14
1232,1232,3,2,22,7
2240,2240,3,1,40,14
696,696,1,1,1,28
728,182,1,1,1,7
352,352,3,2,22,7
888,222,1,1,1,7
1680,1680,3,1,15,7
270,1080,1,1,1,28
1064,1064,3,1,19,7
8,32,1,1,1,112
256,1024,1,1,1,7
1872,1872,3,2,26,14
340,1360,1,1,1,14
464,1856,1,1,1,56
504,126,1,1,1,56
616,616,3,1,11,7
512,512,3,1,32,14
264,1056,1,1,1,14
40,160,1,1,1,112
512,512,1,1,1,56
248,248,3,1,31,7
270,1080,1,1,1,7
480,480,3,2,20,14
2320,580,1,1,1,7
234,936,1,1,1,7
728,728,1,1,1,7
480,480,3,1,12,28
1408,352,1,1,1,28
1440,1440,3,2,36,14
960,960,3,2,15,14
1640,1640,3,2,41,7
1056,1056,3,1,33,7
576,576,3,1,9,14
120,120,3,1,15,28
464,464,3,1,29,7
70,280,1,1,1,14
120,120,3,2,5,14
1176,294,1,1,1,14
640,640,3,2,20,14
1160,290,1,1,1,28
2048,2048,3,1,32,7
2304,2304,3,1,32,14
1056,264,1,1,1,7
246,984,1,1,1,7
232,58,1,1,1,56
512,512,3,1,16,14
672,672,3,1,14,28
180,360,1,2,1,56
616,2464,1,1,1,7
48,144,1,1,1,112
224,224,3,1,2,112
108,216,1,1,1,56
1224,1224,1,1,1,7
2624,656,1,1,1,14
2912,2912,1,1,1,7
288,288,3,1,6,28
784,196,1,1,1,56
1280,1280,3,1,20,7
64,64,3,2,2,28
294,1176,1,1,1,28
56,56,3,2,1,112
1296,324,1,1,1,14
1280,320,1,1,1,14
360,90,1,1,1,56
2352,2352,3,1,21,7
380,1520,1,1,1,7
3696,924,1,1,1,7
936,936,1,1,1,28
1184,1184,1,1,1,7
232,232,3,1,29,14
1200,1200,3,1,25,14
1920,1920,3,1,16,7
984,984,3,1,41,7
1736,1736,1,1,1,7
360,360,3,1,3,56
1856,1856,3,2,29,7
18,56,1,1,1,112
348,1392,1,1,1,56
2352,2352,3,1,21,14
432,432,3,1,9,14
3016,3016,3,2,13,28
32,32,3,2,1,112
1408,1408,3,2,11,28
1232,1232,3,2,11,28
32,128,1,1,1,56
416,104,1,1,1,28
240,240,3,2,6,14
2128,2128,3,1,19,7
832,3328,1,1,1,7
930,3720,1,1,1,14
1344,1344,3,1,12,7
504,126,1,1,1,28
3840,3840,3,2,30,14
280,280,1,1,1,7
104,26,1,1,1,7
96,96,3,1,6,14
36,72,1,1,1,56
256,256,3,2,2,28
1280,1280,3,1,20,14
256,256,3,2,32,14
192,768,1,1,1,56
336,336,3,1,14,28
520,520,3,2,13,7
2760,2760,3,1,23,14
128,128,3,1,16,14
702,2808,1,1,1,7
704,176,1,1,1,14
528,528,3,1,33,7
720,720,3,1,10,28
704,704,1,1,1,14
1456,1456,1,1,1,14
48,192,1,1,1,28
416,416,3,1,13,7
96,96,3,1,6,28
744,744,1,1,1,7
264,66,1,1,1,14
900,3600,1,1,1,14
36,72,1,2,1,56
114,456,1,1,1,14
464,928,1,1,1,56
400,400,3,2,10,7
1056,1056,3,1,33,14
1624,1624,3,1,7,14
288,288,3,2,4,112
256,256,1,1,1,28
3584,3584,1,1,1,7
1320,1320,3,1,11,14
240,240,3,2,2,112
1800,450,1,1,1,14
450,1800,1,1,1,28
120,120,3,1,1,56
80,20,1,1,1,56
3360,3360,3,1,20,7
2688,2688,3,2,16,14
192,192,3,1,4,28
256,256,3,1,8,56
1848,1848,3,1,33,7
3960,3960,3,1,33,14
1088,1088,3,2,34,7
3000,3000,3,1,25,7
1368,342,1,1,1,14
504,504,1,1,1,112
56,168,1,1,1,56
3720,3720,3,1,31,14
1408,352,1,1,1,14
1680,1680,3,1,30,7
48,48,3,1,1,56
232,232,3,1,1,112
696,696,3,2,3,56
2016,2016,3,1,42,7
3248,3248,3,2,29,7
3712,3712,3,2,29,7
2400,2400,1,1,1,7
624,624,3,1,13,7
2464,2464,1,1,1,14
416,1664,1,1,1,14
3192,3192,1,1,1,14
10,40,1,1,1,56
80,320,1,1,1,14
192,192,1,1,1,14
120,120,3,2,1,56
74,224,1,2,1,112
736,736,3,1,23,7
616,616,1,1,1,14
320,320,3,1,5,56
100,400,1,1,1,7
1240,1240,3,2,31,7
924,3696,1,1,1,14
1248,1248,3,2,26,14
54,216,1,1,1,28
1536,384,1,1,1,14
2800,2800,3,2,25,7
1488,1488,1,1,1,7
750,3000,1,1,1,7
3328,3328,1,1,1,7
256,256,3,2,4,14
696,696,1,1,1,7
84,336,1,1,1,56
1296,324,1,1,1,7
1824,1824,3,1,38,7
170,680,1,1,1,14
364,1456,1,1,1,14
120,120,3,1,15,14
160,160,3,1,10,28
16,48,1,1,1,112
648,648,3,2,9,28
544,544,3,2,34,7
1584,396,1,1,1,7
24,24,3,1,3,28
1536,1536,3,2,24,14
576,576,3,2,24,7
1584,1584,3,2,33,14
210,840,1,1,1,56
246,984,1,1,1,14
360,360,3,2,15,28
176,176,3,2,11,28
378,1512,1,1,1,7
2352,2352,3,2,21,7
1536,1536,1,1,1,28
1296,1296,3,2,18,7
40,160,1,1,1,7
464,1856,1,1,1,28
640,640,1,1,1,28
3472,3472,1,1,1,14
1512,1512,3,2,21,7
309,928,1,1,1,112
116,232,1,1,1,112
1944,1944,3,2,27,7
336,672,1,1,1,56
168,168,3,2,1,56
1248,1248,3,1,26,14
486,1944,1,1,1,7
3360,3360,3,1,28,7
240,480,1,1,1,56
400,400,3,1,25,14
672,672,3,1,21,14
1056,1056,3,2,22,14
1680,1680,3,1,42,14
72,72,3,1,9,7
3600,900,1,1,1,7
222,888,1,1,1,14
360,360,1,1,1,7
2176,2176,3,1,17,7
1152,1152,3,1,18,7
232,928,1,1,1,28
264,264,3,1,33,14
816,816,3,2,17,7
72,72,3,1,1,112
2688,2688,3,1,42,14
1664,1664,3,2,26,14
784,784,3,1,7,56
2176,544,1,1,1,14
182,728,1,1,1,28
576,144,1,1,1,56
3808,3808,1,1,1,14
1008,1008,1,1,1,56
44,176,1,1,1,28
672,168,1,1,1,7
504,504,3,2,7,14
2800,2800,3,1,25,7
3920,3920,1,1,1,14
2240,2240,3,2,20,7
920,920,3,2,23,14
264,264,3,1,11,14
3024,3024,3,2,42,7
32,32,3,2,4,14
1536,1536,3,1,12,28
2072,2072,1,1,1,7
1120,280,1,1,1,14
1392,1392,1,1,1,56
21,64,1,1,1,112
144,288,1,2,1,56
96,96,1,1,1,28
2520,2520,3,2,15,28
546,2184,1,1,1,28
1000,250,1,1,1,14
336,336,1,1,1,28
1944,486,1,1,1,7
96,192,1,1,1,56
2496,2496,3,1,39,7
1088,1088,3,2,17,14
4,8,1,1,1,56
544,544,1,1,1,14
64,192,1,2,1,56
336,336,3,2,7,14
1520,1520,3,1,38,7
37,112,1,2,1,112
928,928,3,2,4,112
448,448,3,1,8,7
80,20,1,1,1,112
70,280,1,1,1,7
24,96,1,1,1,28
2160,2160,1,1,1,7
3016,754,1,1,1,7
20,40,1,1,1,112
56,168,1,1,1,112
3968,3968,1,1,1,7
864,864,3,1,36,14
528,2112,1,1,1,14
1856,1856,1,1,1,14
3480,3480,1,1,1,7
648,648,3,1,9,7
504,504,3,1,3,112
1560,1560,3,1,39,7
1536,1536,3,1,24,7
704,176,1,1,1,28
2688,2688,3,1,21,14
544,544,3,1,34,14
1216,1216,1,1,1,7
408,408,3,1,17,14
294,1176,1,1,1,7
2352,2352,3,1,42,7
232,232,1,1,1,7
10,40,1,1,1,28
1344,1344,1,1,1,7
224,896,1,1,1,14
312,78,1,1,1,14
192,384,1,2,1,56
3696,3696,3,1,22,14
1344,1344,3,1,12,28
432,108,1,1,1,14
928,928,1,1,1,112
1968,1968,1,1,1,14
1960,1960,3,1,35,14
184,184,1,1,1,14
1848,462,1,1,1,7
160,160,3,1,10,14
3864,3864,3,2,23,14
3712,3712,3,1,29,14
288,288,3,1,4,28
160,160,1,1,1,7
1856,1856,3,1,8,28
1728,1728,3,1,27,7
512,512,3,2,16,7
240,240,3,2,5,28
3328,832,1,1,1,7
1216,1216,3,1,38,14
864,864,3,1,27,14
256,1024,1,1,1,56
240,240,3,1,15,7
1248,1248,3,1,39,7
2304,2304,1,1,1,14
960,960,1,1,1,28
352,352,1,1,1,14
672,672,3,2,28,14
736,2944,1,1,1,7
448,1792,1,1,1,14
528,528,3,2,11,7
1600,1600,3,2,40,7
1680,1680,3,2,35,14
42,168,1,1,1,14
624,624,3,2,39,14
1600,1600,1,1,1,14
3600,900,1,1,1,14
336,336,1,1,1,14
1664,416,1,1,1,28
896,896,3,2,14,28
24,24,3,1,3,56
144,144,1,1,1,7
360,360,3,1,5,14
240,240,3,1,30,14
48,12,1,1,1,14
120,360,1,1,1,112
392,1568,1,1,1,7
116,232,1,2,1,56
154,616,1,1,1,14
1160,1160,1,1,1,7
2688,2688,3,1,16,14
880,880,3,2,22,7
3000,3000,3,1,25,14
348,696,1,1,1,56
1392,1392,1,1,1,14
832,832,3,2,26,14
392,392,1,1,1,28
1872,1872,1,1,1,14
16,4,1,1,1,112
192,192,3,1,24,7
480,480,3,2,20,7
896,896,3,2,16,28
960,960,3,1,30,14
48,48,3,1,2,28
48,48,3,1,2,56
600,600,3,2,25,7
2432,2432,3,2,19,7
2432,2432,1,1,1,14
96,288,1,2,1,56
224,224,3,1,28,7
104,26,1,1,1,14
1792,1792,3,1,14,28
170,512,1,1,1,112
832,832,3,2,13,7
1632,1632,1,1,1,7
624,624,3,1,13,14
1152,288,1,1,1,28
448,448,3,1,14,7
1200,1200,3,2,10,14
60,240,1,1,1,112
2520,2520,3,1,15,28
1288,1288,3,1,23,14
2592,2592,3,1,36,7
24,6,1,1,1,28
104,104,3,2,13,7
792,198,1,1,1,7
230,920,1,1,1,14
64,64,3,2,4,56
528,528,1,1,1,28
240,60,1,1,1,7
1200,1200,3,2,30,7
1360,1360,3,2,34,7
640,640,1,1,1,14
10,32,1,1,1,56
18,72,1,1,1,7
288,288,3,2,36,7
2016,2016,3,1,36,7
264,264,3,2,11,14
672,168,1,1,1,14
56,224,1,1,1,7
768,768,3,1,16,28
696,696,3,1,29,14
1656,414,1,1,1,14
1440,360,1,1,1,7
80,20,1,1,1,28
754,3016,1,1,1,7
256,256,3,1,2,56
26,104,1,1,1,28
360,360,3,1,5,56
208,208,3,1,13,14
3024,3024,3,1,42,14
504,504,3,1,3,28
2016,2016,3,1,28,7
252,1008,1,1,1,28
80,80,3,1,10,14
600,600,3,2,15,14
160,160,3,1,20,7
84,336,1,1,1,14
444,1776,1,1,1,14
64,64,3,1,4,112
48,48,3,2,3,56
480,480,3,1,4,112
1632,408,1,1,1,7
16,16,3,1,1,112
3192,3192,3,2,19,14
720,720,1,1,1,56
2944,736,1,1,1,14
336,336,3,1,3,56
56,56,1,1,1,112
560,140,1,1,1,14
408,408,1,1,1,7
168,336,1,1,1,56
1680,1680,3,2,35,7
232,58,1,1,1,112
256,256,3,2,4,28
816,816,3,2,34,7
2560,2560,3,1,20,7
2016,2016,3,1,18,14
1320,1320,3,1,11,7
512,128,1,1,1,56
336,336,1,1,1,7
1520,1520,3,2,38,14
60,240,1,1,1,56
2016,2016,3,1,36,14
160,160,1,1,1,112
1024,1024,3,2,8,7
896,896,3,1,8,56
12,48,1,1,1,14
928,928,3,1,4,14
2912,728,1,1,1,14
1440,1440,3,2,36,7
256,256,3,2,16,28
2304,2304,3,1,18,7
150,600,1,1,1,28
128,32,1,1,1,14
1024,1024,3,1,8,56
128,128,3,2,8,7
480,480,3,1,10,28
328,328,3,1,41,14
1728,1728,3,2,24,7
144,144,3,1,9,7
64,192,1,2,1,112
1520,380,1,1,1,7
384,384,3,1,8,28
140,560,1,1,1,56
120,120,3,1,1,112
384,384,3,2,24,7
256,256,3,1,4,56
2184,2184,3,2,39,7
2400,2400,3,2,20,14
168,168,3,1,3,28
160,640,1,1,1,56
660,2640,1,1,1,7
322,1288,1,1,1,7
40,80,1,2,1,112
216,216,1,1,1,7
260,1040,1,1,1,14
1008,1008,3,1,21,7
2624,2624,1,1,1,7
1184,296,1,1,1,14
2160,2160,3,2,30,7
1240,1240,1,1,1,14
1488,1488,3,2,31,7
1624,1624,3,1,29,7
96,96,3,1,3,28
348,1392,1,1,1,14
84,168,1,2,1,112
256,256,3,1,32,7
3120,3120,3,1,26,14
192,48,1,1,1,28
1280,1280,3,2,10,28
336,336,3,2,21,7
256,64,1,1,1,14
720,2880,1,1,1,7
648,648,3,2,27,14
520,130,1,1,1,7
392,98,1,1,1,28
224,224,3,2,14,14
520,520,3,2,13,14
312,312,1,1,1,28
1680,1680,1,1,1,7
600,150,1,1,1,7
200,50,1,1,1,7
120,120,3,2,3,56
1408,1408,3,1,11,28
64,64,3,1,8,7
1728,1728,1,1,1,7
378,1512,1,1,1,28
3584,3584,3,2,28,14
1120,1120,1,1,1,14
1040,260,1,1,1,14
3072,768,1,1,1,14
480,120,1,1,1,14
1288,1288,1,1,1,14
728,728,3,2,13,14
1008,1008,3,2,14,14
552,552,3,2,23,7
640,640,3,1,10,7
2432,2432,3,2,38,7
960,240,1,1,1,7
368,368,3,1,23,14
1736,1736,1,1,1,14
320,320,3,2,10,7
448,448,3,1,4,56
120,120,3,2,15,7
368,368,3,2,23,14
256,256,3,1,4,28
1240,1240,3,2,31,14
1184,296,1,1,1,7
256,256,3,2,8,56
168,168,3,1,21,7
128,512,1,1,1,28
792,198,1,1,1,28
3808,3808,3,1,34,14
1640,1640,1,1,1,7
888,888,1,1,1,14
896,896,3,2,16,7
1344,1344,3,1,42,7
3136,3136,3,1,28,7
384,384,3,1,16,28
2560,2560,3,2,20,14
1408,1408,1,1,1,7
1640,410,1,1,1,14
248,248,3,2,31,14
1176,1176,3,2,7,28
1512,1512,3,1,27,14
1920,1920,3,2,40,7
1944,1944,1,1,1,7
3920,3920,3,2,35,7
232,232,3,1,1,56
400,400,3,1,10,14
1512,1512,1,1,1,28
400,400,3,1,10,7
2448,612,1,1,1,14
512,512,3,2,8,28
1920,480,1,1,1,28
560,560,3,2,5,56
192,768,1,1,1,14
128,32,1,1,1,28
112,448,1,1,1,112
720,720,3,1,15,7
1456,1456,3,2,26,7
72,144,1,2,1,56
1512,1512,3,1,27,7
3328,3328,3,1,26,14
2640,2640,1,1,1,14
928,928,3,1,29,14
608,608,3,2,38,14
672,168,1,1,1,112
80,240,1,2,1,112
462,1848,1,1,1,28
112,112,3,2,7,28
200,50,1,1,1,14
184,184,3,2,23,7
3712,3712,3,1,29,7
2376,2376,3,2,33,7
224,224,3,2,4,112
8,8,1,1,1,112
2552,2552,3,1,11,14
3528,882,1,1,1,7
2088,522,1,1,1,14
462,1848,1,1,1,7
64,64,3,2,4,14
384,384,3,1,3,112
528,528,1,1,1,7
400,400,3,1,10,28
240,480,1,2,1,112
1960,490,1,1,1,14
112,28,1,1,1,56
444,1776,1,1,1,7
1088,1088,1,1,1,14
744,744,1,1,1,14
120,120,3,1,15,7
240,240,3,2,30,14
1536,1536,3,1,24,14
144,144,3,2,6,28
108,432,1,1,1,14
672,672,3,2,14,7
20,80,1,1,1,112
5,16,1,1,1,56
648,648,1,1,1,14
2808,702,1,1,1,14
448,448,3,1,8,56
256,256,3,1,8,14
3248,3248,3,2,14,7
448,448,3,1,8,28
504,504,3,2,9,28
340,1360,1,1,1,7
2688,2688,3,2,21,14
1792,1792,3,1,32,7
576,576,1,1,1,28
46,184,1,1,1,7
2128,532,1,1,1,7
228,912,1,1,1,14
20,80,1,1,1,28
2088,2088,3,2,29,7
816,204,1,1,1,14
1680,1680,1,1,1,28
176,704,1,1,1,28
1472,1472,1,1,1,14
480,480,3,2,10,28
2520,2520,3,2,21,7
174,696,1,1,1,7
3192,3192,1,1,1,7
704,176,1,1,1,7
108,216,1,2,1,112
140,560,1,1,1,14
3480,3480,3,1,29,14
336,336,1,1,1,56
512,512,1,1,1,112
1120,1120,3,1,10,28
2040,2040,1,1,1,7
2072,2072,3,2,37,14
592,592,3,2,37,14
920,920,3,1,23,14
3456,864,1,1,1,7
6,24,1,1,1,28
144,144,3,2,18,14
40,40,3,1,5,56
256,512,1,2,1,112
576,144,1,1,1,7
3248,3248,3,1,14,14
168,336,1,2,1,112
672,672,3,2,4,14
40,40,1,1,1,14
414,1656,1,1,1,7
2880,2880,3,2,40,7
252,1008,1,1,1,56
144,36,1,1,1,56
288,72,1,1,1,7
288,288,1,1,1,112
1152,288,1,1,1,14
738,2952,1,1,1,7
320,320,3,1,10,7
2520,630,1,1,1,28
288,288,3,1,9,14
2944,2944,3,2,23,14
192,192,3,1,8,14
1392,1392,3,1,6,56
320,320,3,2,8,7
56,56,1,1,1,56
476,1904,1,1,1,7
304,304,3,1,38,7
580,2320,1,1,1,7
20,80,1,1,1,7
1224,306,1,1,1,14
112,112,3,1,14,7
992,3968,1,1,1,7
168,504,1,2,1,112
912,228,1,1,1,14
64,256,1,1,1,7
1000,1000,1,1,1,14
56,14,1,1,1,112
2736,684,1,1,1,7
3480,3480,3,2,15,14
288,288,3,1,12,14
1248,1248,3,1,39,14
720,720,3,2,30,14
1368,1368,1,1,1,7
1856,1856,3,1,8,14
4,8,1,1,1,112
480,480,3,2,15,14
224,224,3,2,4,14
1792,1792,1,1,1,14
320,1280,1,1,1,14
42,128,1,2,1,56
450,1800,1,1,1,7
512,512,1,1,1,28
784,784,3,2,7,56
616,154,1,1,1,14
1008,1008,3,2,42,14
24,72,1,1,1,112
512,2048,1,1,1,14
672,672,3,2,4,56
2296,2296,3,1,41,7
540,2160,1,1,1,14
312,78,1,1,1,7
780,3120,1,1,1,14
1512,378,1,1,1,14
2552,638,1,1,1,28
1024,1024,3,1,16,14
768,768,3,1,32,14
768,768,3,1,32,7
480,480,3,1,4,56
2048,2048,3,2,16,28
1920,1920,3,2,16,14
1160,1160,1,1,1,56
600,600,3,2,15,28
90,360,1,1,1,56
648,648,3,2,27,7
960,960,3,2,8,28
1296,1296,3,2,27,14
3192,3192,3,1,19,14
528,528,3,2,22,7
1080,270,1,1,1,28
984,984,3,2,41,14
720,720,3,1,30,7
2352,2352,1,1,1,28
304,1216,1,1,1,14
416,416,3,2,13,7
2816,2816,1,1,1,7
784,784,3,1,14,7
392,392,3,2,7,56
96,24,1,1,1,56
228,912,1,1,1,7
448,448,3,2,14,7
48,48,3,2,1,112
1224,1224,3,1,17,14
1392,348,1,1,1,14
149,448,1,1,1,112
40,160,1,1,1,28
3808,3808,3,2,34,14
2592,2592,3,2,36,7
1024,1024,3,2,16,7
432,432,3,2,6,14
1904,1904,3,1,17,14
3024,3024,3,2,27,7
256,64,1,1,1,112
3072,3072,3,1,24,7
648,648,1,1,1,7
960,960,3,2,8,14
120,240,1,2,1,112
162,648,1,1,1,7
768,768,1,1,1,7
3584,3584,3,2,28,7
840,840,3,2,7,56
576,576,3,1,12,7
8,24,1,2,1,112
1152,1152,3,1,9,28
330,1320,1,1,1,7
1440,1440,1,1,1,7
640,160,1,1,1,28
864,864,3,1,18,14
576,576,3,1,24,14
288,288,3,2,9,14
840,840,3,2,5,14
36,144,1,1,1,28
240,240,3,1,5,56
576,144,1,1,1,14
896,896,3,2,14,14
432,432,3,2,9,14
252,504,1,1,1,112
768,768,3,2,16,28
88,352,1,1,1,28
1280,1280,3,2,10,14
1568,1568,3,1,28,7
208,208,3,1,13,28
1440,1440,3,1,12,7
3240,3240,3,2,27,7
1152,1152,3,1,9,7
32,32,1,1,1,112
1680,1680,3,2,14,14
696,174,1,1,1,56
1640,1640,3,1,41,7
640,640,3,1,40,7
624,624,3,1,26,14
3712,3712,3,2,16,7
1920,1920,3,2,16,28
64,64,3,1,2,56
328,82,1,1,1,7
1024,1024,3,2,16,14
432,432,3,2,18,7
1624,1624,1,1,1,56
224,224,3,2,14,7
600,150,1,1,1,56
1200,1200,3,1,30,7
120,120,3,2,1,112
96,96,3,2,4,56
144,144,3,1,6,56
960,960,3,1,8,14
2240,2240,3,1,35,14
168,168,3,2,3,56
1200,1200,3,1,10,7
3328,3328,1,1,1,14
1176,1176,1,1,1,56
966,3864,1,1,1,14
28,56,1,2,1,112
496,496,3,2,31,14
198,792,1,1,1,28
360,360,1,1,1,14
384,384,3,2,3,112
352,352,3,1,22,7
12,24,1,2,1,56
2432,608,1,1,1,7
320,80,1,1,1,28
1080,270,1,1,1,7
256,256,3,2,8,14
336,336,3,2,14,14
3192,3192,3,1,19,7
309,928,1,1,1,56
1968,1968,3,2,41,14
1536,1536,3,2,12,14
3072,3072,3,2,24,14
600,600,3,1,15,7
28,56,1,2,1,56
336,336,3,2,6,28
1488,372,1,1,1,7
440,110,1,1,1,14
3456,3456,3,1,27,14
224,896,1,1,1,56
42,128,1,2,1,112
1344,1344,3,2,21,14
96,96,3,2,3,56
176,176,1,1,1,28
224,896,1,1,1,7
176,176,3,1,11,7
800,800,3,1,20,7
840,840,3,1,5,28
1216,1216,3,1,19,7
2760,2760,1,1,1,14
448,448,3,1,7,56
384,384,3,2,3,28
16,32,1,1,1,112
1216,1216,3,2,19,7
240,240,3,1,15,28
592,592,1,1,1,7
1080,1080,3,1,9,14
70,280,1,1,1,56
576,144,1,1,1,28
504,504,3,1,9,28
40,40,3,1,1,112
2048,2048,3,1,32,14
896,896,3,1,16,7
784,196,1,1,1,28
240,240,3,2,6,28
704,704,3,2,22,14
324,1296,1,1,1,14
10,40,1,1,1,14
464,464,1,1,1,14
72,72,1,1,1,28
384,384,3,2,12,7
1088,1088,3,2,34,14
288,288,3,1,4,112
16,16,3,1,2,56
656,2624,1,1,1,14
13,40,1,1,1,112
160,160,3,2,10,7
200,800,1,1,1,14
680,680,1,1,1,7
680,170,1,1,1,7
720,720,3,2,10,28
108,432,1,1,1,7
704,2816,1,1,1,14
3864,3864,3,1,23,7
96,96,3,2,2,56
1152,1152,3,1,24,14
1856,464,1,1,1,14
728,728,3,2,13,28
3944,3944,3,2,17,7
1512,1512,3,2,21,14
3712,3712,3,1,16,14
1056,1056,3,1,22,14
126,504,1,1,1,28
1104,1104,3,2,23,14
1152,1152,3,2,9,14
1984,496,1,1,1,14
1440,1440,1,1,1,28
432,432,3,1,9,28
80,80,3,2,10,14
3480,870,1,1,1,28
1960,1960,3,2,35,14
10,32,1,2,1,56
1248,1248,3,2,26,7
576,576,3,1,9,28
1792,448,1,1,1,14
168,168,3,1,1,112
784,784,3,1,14,14
1024,256,1,1,1,28
624,624,3,1,39,7
3584,3584,3,2,32,14
120,120,3,2,3,112
640,640,3,1,20,14
1344,1344,3,1,24,14
528,528,3,1,11,28
3240,3240,3,1,27,14
176,176,3,1,22,14
58,232,1,1,1,56
1040,1040,3,1,26,14
696,696,1,1,1,112
360,90,1,1,1,14
2016,2016,3,1,12,7
960,960,1,1,1,56
1344,1344,3,2,8,7
2016,504,1,1,1,28
1160,1160,3,2,5,28
1680,1680,3,2,14,7
2552,2552,3,1,11,28
200,200,1,1,1,14
220,880,1,1,1,14
40,40,1,1,1,56
224,224,3,2,14,28
1344,1344,3,2,28,14
696,696,3,2,3,112
384,96,1,1,1,56
85,256,1,1,1,56
54,216,1,1,1,14
42,128,1,1,1,112
3016,3016,3,2,13,14
1216,1216,3,1,19,14
150,600,1,1,1,7
72,144,1,1,1,56
1536,384,1,1,1,28
640,640,3,2,20,7
224,224,3,1,14,14
760,760,3,2,19,14
128,128,3,1,8,56
200,50,1,1,1,28
3920,980,1,1,1,7
1400,350,1,1,1,7
528,528,3,2,22,14
1344,1344,3,2,8,56
232,232,3,1,29,7
464,464,3,2,2,56
3472,3472,1,1,1,7
1640,1640,3,1,41,14
224,56,1,1,1,14
936,936,1,1,1,7
1536,1536,3,1,32,14
864,864,3,2,27,14
1904,1904,3,2,17,7
288,288,3,2,6,14
224,224,1,1,1,112
2352,2352,3,2,14,7
2432,2432,1,1,1,7
672,672,3,2,4,28
392,98,1,1,1,14
80,80,3,2,5,28
1440,1440,3,2,30,7
408,102,1,1,1,14
1296,1296,3,2,18,14
1624,1624,1,1,1,7
1456,1456,3,1,26,7
280,280,3,1,35,14
1008,1008,3,2,6,28
1872,1872,3,1,39,14
2368,2368,1,1,1,14
800,800,3,1,20,14
1160,1160,3,2,5,14
224,224,1,1,1,56
544,136,1,1,1,14
1080,1080,3,2,15,7
64,64,3,1,4,56
3248,3248,3,1,14,28
96,96,1,1,1,7
8,24,1,1,1,56
288,288,1,1,1,28
1960,1960,1,1,1,14
816,816,3,1,34,14
1488,1488,3,1,31,7
53,160,1,1,1,112
1488,372,1,1,1,14
88,88,3,2,11,7
136,136,3,1,17,7
84,168,1,2,1,56
984,984,3,2,41,7
8,16,1,2,1,112
300,1200,1,1,1,7
368,368,3,2,23,7
832,208,1,1,1,28
896,896,3,2,8,56
290,1160,1,1,1,28
760,190,1,1,1,14
464,464,1,1,1,112
144,144,3,2,9,7
1200,1200,1,1,1,7
288,288,3,1,4,56
80,240,1,2,1,56
72,216,1,1,1,112
720,720,3,2,10,14
1400,1400,3,1,25,14
2184,546,1,1,1,7
400,400,3,2,10,14
1400,1400,3,1,35,14
456,1824,1,1,1,14
512,512,3,2,4,112
128,128,3,2,8,28
1280,1280,1,1,1,28
2816,2816,1,1,1,14
840,840,3,2,35,14
320,320,3,2,40,14
936,936,3,1,13,28
160,160,3,1,5,56
810,3240,1,1,1,14
50,200,1,1,1,56
1312,328,1,1,1,7
264,264,3,1,11,7
1848,462,1,1,1,14
2352,2352,3,2,42,14
3712,928,1,1,1,14
3720,930,1,1,1,7
608,608,3,1,19,14
2176,2176,3,2,17,14
1280,1280,3,1,32,14
1632,1632,3,2,34,14
896,896,3,1,7,56
64,192,1,1,1,112
96,96,3,1,2,112
384,1536,1,1,1,28
1680,1680,3,2,14,28
1200,300,1,1,1,28
1312,328,1,1,1,14
144,144,3,1,6,14
232,58,1,1,1,14
2128,2128,3,2,19,7
816,816,3,1,34,7
2760,2760,1,1,1,7
1872,1872,3,1,26,14
200,50,1,1,1,56
144,288,1,1,1,56
288,288,3,1,9,7
304,1216,1,1,1,7
2552,2552,3,2,11,7
440,440,1,1,1,14
48,96,1,1,1,112
336,1344,1,1,1,28
2304,2304,3,2,18,14
2016,504,1,1,1,7
798,3192,1,1,1,7
784,3136,1,1,1,14
480,120,1,1,1,112
40,40,3,2,5,14
1800,1800,3,1,25,14
1080,1080,3,2,15,14
160,160,3,2,20,14
560,560,3,1,14,7
1120,1120,3,2,20,14
336,84,1,1,1,14
1152,1152,3,1,16,14
2952,2952,3,1,41,14
800,200,1,1,1,14
72,72,3,2,9,7
480,480,3,1,15,28
162,648,1,1,1,28
640,640,1,1,1,7
464,464,3,1,29,14
1800,450,1,1,1,28
56,56,3,1,7,28
1904,1904,1,1,1,14
3024,3024,3,2,18,14
252,504,1,2,1,112
3968,3968,3,2,31,14
2160,2160,1,1,1,14
2784,2784,3,1,12,14
174,696,1,1,1,14
3016,3016,3,2,13,7
608,152,1,1,1,14
544,544,3,2,17,7
224,672,1,2,1,56
576,576,3,2,36,14
2240,2240,3,1,20,7
352,352,3,2,11,28
130,520,1,1,1,7
1176,1176,1,1,1,7
256,256,3,1,8,7
2816,2816,3,1,22,7
160,480,1,2,1,112
256,512,1,1,1,112
112,112,3,1,1,112
3192,798,1,1,1,7
336,336,3,2,2,28
312,312,3,1,13,7
640,640,3,2,40,14
3600,3600,3,1,30,14
32,32,1,1,1,56
2352,2352,3,2,42,7
2352,2352,3,2,14,14
216,864,1,1,1,28
1056,1056,1,1,1,7
309,928,1,2,1,112
1960,1960,1,1,1,7
792,792,3,1,33,7
696,174,1,1,1,14
624,2496,1,1,1,7
1400,1400,3,2,25,7
252,504,1,2,1,56
240,240,3,2,5,56
1312,1312,3,1,41,7
1104,1104,1,1,1,14
1248,1248,3,1,26,7
464,116,1,1,1,56
2240,2240,3,1,40,7
4,16,1,1,1,28
240,240,1,1,1,28
144,576,1,1,1,7
1856,464,1,1,1,28
1344,1344,3,1,21,7
448,448,3,1,4,14
80,320,1,1,1,7
336,1344,1,1,1,56
640,640,3,1,40,14
272,272,3,2,17,14
288,288,3,1,18,7
72,72,1,1,1,14
232,464,1,1,1,56
896,896,3,1,7,28
440,440,3,2,11,14
432,432,3,2,9,7
20,40,1,1,1,56
112,448,1,1,1,28
180,360,1,1,1,112
3472,868,1,1,1,14
294,1176,1,1,1,14
576,576,3,1,36,14
1968,492,1,1,1,7
1320,1320,1,1,1,7
128,32,1,1,1,7
240,480,1,1,1,112
870,3480,1,1,1,14
1280,320,1,1,1,28
2128,2128,3,1,38,7
2576,2576,3,1,23,14
1584,1584,3,1,22,14
870,3480,1,1,1,7
3000,750,1,1,1,14
296,1184,1,1,1,14
186,744,1,1,1,7
240,240,3,1,6,14
360,360,3,2,9,7
3000,3000,1,1,1,7
32,32,3,2,4,112
2,8,1,1,1,56
168,42,1,1,1,112
32,32,3,1,1,112
90,360,1,1,1,28
3480,3480,3,1,15,28
24,24,3,2,1,112
920,920,3,2,23,7
2816,2816,3,2,22,14
1160,1160,3,2,29,7
384,384,3,1,8,56
1024,1024,1,1,1,7
256,256,3,2,2,112
2856,2856,3,1,17,7
3528,3528,1,1,1,14
156,624,1,1,1,7
208,208,1,1,1,14
1248,312,1,1,1,14
80,240,1,1,1,112
754,3016,1,1,1,28
72,72,3,1,1,56
384,384,3,2,3,56
336,336,3,2,2,56
360,1440,1,1,1,7
384,384,3,2,16,28
144,144,3,2,6,14
2464,2464,3,2,22,14
2160,540,1,1,1,14
18,56,1,2,1,112
96,96,3,2,4,14
368,92,1,1,1,14
336,336,3,2,42,7
1152,1152,3,1,16,28
704,704,3,1,11,28
240,60,1,1,1,56
960,960,3,1,15,14
1400,1400,3,2,25,14
308,1232,1,1,1,7
1440,1440,3,2,12,28
480,480,3,2,15,28
310,1240,1,1,1,14
90,360,1,1,1,14
1120,1120,3,1,35,14
3712,3712,3,2,16,14
128,128,3,1,4,14
136,136,3,2,17,7
616,616,3,1,11,14
192,48,1,1,1,14
224,56,1,1,1,28
434,1736,1,1,1,7
208,208,3,2,13,7
720,720,3,2,15,14
3960,3960,3,1,33,7
120,120,3,2,15,14
224,224,3,2,7,56
1360,1360,3,1,34,14
480,480,3,1,30,7
280,280,3,1,35,7
2320,2320,3,2,10,7
2160,540,1,1,1,7
2576,2576,3,1,23,7
192,192,3,1,4,14
512,512,3,1,8,56
1560,1560,3,2,13,7
456,1824,1,1,1,7
16,16,3,2,2,56
1480,1480,1,1,1,7
72,216,1,2,1,56
216,216,1,1,1,112
1232,1232,1,1,1,28
48,48,3,1,1,112
16,32,1,2,1,112
2240,2240,3,2,40,14
224,448,1,1,1,56
3808,3808,3,1,34,7
128,128,3,1,2,28
464,116,1,1,1,112
2128,2128,1,1,1,7
208,52,1,1,1,28
152,152,3,1,19,7
8,2,1,1,1,56
3944,3944,3,1,17,14
8,16,1,1,1,56
3328,3328,3,2,26,7
840,840,3,1,15,7
992,248,1,1,1,7
56,112,1,1,1,112
312,1248,1,1,1,7
240,240,3,2,2,28
224,224,3,2,28,7
448,448,3,2,7,14
312,312,1,1,1,14
40,120,1,2,1,56
180,720,1,1,1,28
912,912,3,1,19,7
352,352,1,1,1,7
440,440,3,2,11,7
1824,1824,1,1,1,7
3200,3200,3,1,25,14
3360,3360,3,2,30,14
3712,3712,3,1,16,28
400,400,3,2,25,14
1984,1984,1,1,1,7
2320,2320,3,2,10,14
1440,360,1,1,1,28
816,204,1,1,1,7
912,912,1,1,1,14
336,336,3,1,14,14
960,960,3,1,40,14
928,928,1,1,1,28
128,128,3,1,8,7
1920,1920,3,2,15,7
1848,1848,3,2,33,7
2240,560,1,1,1,14
336,84,1,1,1,28
1120,280,1,1,1,7
14,56,1,1,1,28
384,384,3,1,3,56
264,264,3,1,33,7
160,160,3,2,5,28
2320,2320,3,1,10,28
720,720,3,1,10,14
240,240,3,2,15,7
704,2816,1,1,1,7
72,72,3,2,3,112
408,408,3,2,17,7
1200,1200,3,1,25,7
32,32,3,2,2,112
152,152,3,2,19,14
736,736,3,1,23,14
32,96,1,2,1,112
240,60,1,1,1,28
336,336,3,1,42,7
96,96,1,1,1,14
2800,700,1,1,1,14
300,1200,1,1,1,14
672,672,3,1,28,7
520,520,1,1,1,28
184,736,1,1,1,14
328,1312,1,1,1,7
2552,638,1,1,1,14
1184,1184,3,1,37,7
2592,648,1,1,1,7
936,936,3,2,39,14
840,840,3,1,15,28
768,768,3,2,24,7
1800,1800,1,1,1,14
672,672,3,2,4,112
160,160,3,2,4,56
624,624,3,1,39,14
624,156,1,1,1,14
1848,1848,3,1,11,14
1408,1408,3,1,11,7
656,656,3,2,41,7
3360,3360,3,2,28,7
24,6,1,1,1,56
1280,1280,1,1,1,7
768,768,1,1,1,56
744,744,3,2,31,7
96,96,3,1,2,56
720,720,3,2,15,7
32,32,1,1,1,28
456,456,3,2,19,14
960,960,3,2,40,7
112,336,1,1,1,112
560,140,1,1,1,7
1176,1176,3,1,7,56
64,64,1,1,1,112
768,768,3,1,6,56
2112,2112,3,1,33,7
304,304,1,1,1,7
1344,1344,1,1,1,56
144,144,3,2,9,28
510,2040,1,1,1,7
432,432,3,1,6,14
3480,3480,3,2,29,7
2808,2808,3,2,39,14
288,1152,1,1,1,14
116,232,1,1,1,56
672,672,1,1,1,112
700,2800,1,1,1,14
320,320,3,2,20,14
576,576,3,2,36,7
224,448,1,2,1,112
448,448,1,1,1,112
36,144,1,1,1,112
8,32,1,1,1,56
152,38,1,1,1,7
1600,1600,3,1,25,14
928,232,1,1,1,112
560,560,3,2,35,14
80,80,1,1,1,7
320,320,3,2,40,7
1792,1792,3,2,28,14
1288,1288,1,1,1,7
336,84,1,1,1,56
128,128,1,1,1,7
1856,1856,3,2,8,56
77,232,1,1,1,112
240,240,3,1,6,56
128,128,3,2,16,7
1152,1152,3,2,18,14
1736,1736,3,2,31,7
608,608,3,1,19,7
2464,2464,3,2,22,7
672,672,3,1,6,56
32,96,1,1,1,56
1360,1360,3,1,34,7
53,160,1,1,1,56
1776,444,1,1,1,14
680,680,1,1,1,14
2760,690,1,1,1,7
1024,1024,3,2,16,28
216,216,3,2,3,28
72,72,3,1,3,28
144,144,3,2,3,56
1624,406,1,1,1,56
232,464,1,1,1,112
2240,560,1,1,1,7
1440,1440,3,1,36,14
96,96,3,1,4,28
64,128,1,1,1,56
750,3000,1,1,1,14
560,560,3,1,14,28
238,952,1,1,1,14
2688,2688,3,2,16,7
112,112,3,2,2,28
192,192,3,2,4,28
266,1064,1,1,1,14
16,64,1,1,1,14
3240,3240,3,1,27,7
1160,1160,1,1,1,28
416,416,3,2,13,28
400,100,1,1,1,28
648,2592,1,1,1,7
1008,1008,3,2,9,28
74,224,1,1,1,112
960,960,3,2,30,7
192,192,3,1,12,28
3480,3480,1,1,1,28
3136,3136,3,2,28,7
84,336,1,1,1,7
608,608,3,2,19,7
544,2176,1,1,1,7
480,480,3,2,12,7
56,56,3,1,7,14
2880,2880,3,1,40,7
176,44,1,1,1,14
552,552,1,1,1,14
352,1408,1,1,1,14
580,2320,1,1,1,14
352,88,1,1,1,7
816,816,1,1,1,14
3944,986,1,1,1,14
392,392,3,1,7,56
624,624,1,1,1,28
1560,1560,3,2,39,14
3840,3840,1,1,1,7
1080,1080,3,2,15,28
1288,1288,3,1,23,7
1848,1848,3,2,11,28
1904,1904,3,2,34,7
1728,1728,3,1,36,14
600,600,3,2,5,28
512,512,1,1,1,14
2784,2784,3,1,12,7
1600,1600,3,1,25,7
1792,1792,3,2,32,7
560,2240,1,1,1,7
2016,2016,3,1,18,7
2184,546,1,1,1,14
464,464,3,2,29,14
616,2464,1,1,1,14
624,624,3,2,39,7
3840,3840,3,1,30,14
882,3528,1,1,1,7
170,680,1,1,1,7
480,480,3,1,15,14
120,120,1,1,1,28
3600,3600,1,1,1,14
512,512,3,1,4,28
1320,1320,3,1,33,14
1944,486,1,1,1,14
1344,1344,3,2,21,7
448,448,3,2,28,7
240,240,1,1,1,7
1056,1056,3,2,33,7
42,168,1,1,1,28
1984,1984,3,2,31,7
224,224,3,1,14,28
672,2688,1,1,1,7
408,408,3,1,17,7
104,416,1,1,1,28
1512,1512,1,1,1,14
1240,310,1,1,1,14
120,120,3,2,5,56
2048,2048,1,1,1,7
128,128,1,1,1,112
288,288,3,1,12,7
128,128,3,2,8,56
672,672,3,2,6,28
504,504,3,1,21,14
840,840,3,1,21,14
1920,1920,3,2,40,14
32,32,3,1,4,112
1232,1232,3,2,11,7
1664,1664,3,1,26,7
2856,2856,1,1,1,7
82,328,1,1,1,7
32,32,3,2,4,56
2016,2016,3,2,36,14
144,144,3,1,9,28
840,840,3,2,5,56
1152,1152,1,1,1,14
576,576,3,2,24,14
2280,570,1,1,1,14
2688,2688,1,1,1,14
696,2784,1,1,1,28
1008,1008,1,1,1,7
24,48,1,1,1,56
3248,3248,3,2,14,28
3840,3840,3,1,30,7
224,224,1,1,1,7
240,240,3,1,10,14
2184,2184,3,1,13,7
624,624,3,1,26,7
480,480,3,2,15,7
1968,492,1,1,1,14
192,192,3,2,4,14
574,2296,1,1,1,14
1176,1176,3,1,21,7
184,736,1,1,1,7
480,480,3,1,20,7
624,624,3,2,13,28
792,792,3,1,11,14
1064,1064,3,2,19,7
216,216,3,2,9,7
156,624,1,1,1,14
1152,1152,1,1,1,28
320,320,3,2,10,28
608,608,3,1,38,7
1288,1288,3,2,23,7
216,216,3,1,3,28
1344,1344,3,1,8,56
264,264,3,2,11,28
1848,1848,3,2,33,14
3600,3600,3,2,30,14
32,32,3,2,4,28
352,1408,1,1,1,7
116,464,1,1,1,14
896,896,1,1,1,7
2800,2800,3,2,25,14
1296,1296,1,1,1,7
2944,2944,3,1,23,14
2808,2808,3,2,39,7
3360,3360,3,2,20,14
56,224,1,1,1,28
64,64,1,1,1,56
280,280,1,1,1,56
120,30,1,1,1,56
560,560,3,2,10,7
1344,1344,3,2,28,7
24,24,1,1,1,28
672,672,3,2,6,14
112,448,1,1,1,56
1848,1848,1,1,1,7
832,832,3,1,13,7
360,360,1,1,1,112
1440,1440,3,1,12,28
416,416,3,1,13,14
240,240,3,2,15,14
480,480,3,1,12,7
512,512,3,2,4,14
3200,3200,3,2,25,14
1008,1008,3,2,18,7
2520,2520,3,2,35,14
1008,1008,3,2,6,56
528,528,3,1,22,14
364,1456,1,1,1,28
168,168,3,2,3,28
432,108,1,1,1,56
432,432,3,2,9,28
2496,2496,1,1,1,14
280,280,3,2,5,14
864,864,3,1,12,14
288,288,1,1,1,7
580,2320,1,1,1,28
3944,986,1,1,1,7
3136,784,1,1,1,7
1560,1560,3,1,13,14
1488,1488,3,2,31,14
986,3944,1,1,1,7
152,152,1,1,1,7
1440,1440,1,1,1,14
64,16,1,1,1,28
64,64,3,1,4,28
120,120,3,1,5,14
3696,924,1,1,1,14
24,24,1,1,1,56
624,624,1,1,1,14
736,184,1,1,1,7
2640,2640,3,2,22,14
840,210,1,1,1,14
54,216,1,1,1,7
80,20,1,1,1,7
72,288,1,1,1,112
72,72,3,1,3,56
1656,414,1,1,1,7
32,128,1,1,1,28
120,120,1,1,1,7
912,912,3,2,38,14
104,104,3,2,13,14
480,480,3,1,15,7
1800,1800,3,2,15,7
2808,2808,3,1,39,7
496,496,3,1,31,14
1640,1640,3,2,41,14
144,144,3,2,2,56
170,512,1,2,1,112
272,272,3,1,34,7
216,216,3,1,27,14
216,216,3,1,3,56
656,656,1,1,1,14
168,168,1,1,1,112
1232,1232,1,1,1,7
560,560,3,2,14,7
32,32,3,1,2,112
280,280,3,2,7,28
768,768,3,2,24,14
126,504,1,1,1,14
1856,1856,3,1,8,56
1344,1344,3,1,12,14
12,48,1,1,1,112
256,256,3,2,4,56
3024,3024,3,1,42,7
2016,2016,3,1,28,14
162,648,1,1,1,14
410,1640,1,1,1,14
24,48,1,2,1,112
1040,1040,1,1,1,7
124,496,1,1,1,7
116,464,1,1,1,28
840,840,1,1,1,7
264,1056,1,1,1,7
96,96,3,2,6,28
3840,960,1,1,1,7
168,168,3,2,21,14
672,672,3,2,14,14
176,176,1,1,1,14
120,120,1,1,1,14
704,704,3,1,11,14
1320,330,1,1,1,7
144,144,3,2,3,28
32,64,1,2,1,112
448,448,3,2,8,56
3016,3016,3,1,13,7
616,616,1,1,1,28
2432,2432,3,1,19,7
216,864,1,1,1,7
1776,1776,3,1,37,14
104,104,1,1,1,7
352,352,3,1,22,14
72,72,1,1,1,56
832,832,3,2,26,7
1968,1968,1,1,1,7
864,864,3,2,36,7
432,432,3,1,6,28
104,104,1,1,1,14
1296,1296,3,1,18,7
232,464,1,2,1,56
704,704,1,1,1,7
2496,624,1,1,1,7
1064,266,1,1,1,14
1176,1176,1,1,1,28
896,896,1,1,1,28
1200,1200,3,2,30,14
512,2048,1,1,1,28
2400,2400,3,2,20,7
1600,1600,3,2,25,7
42,128,1,1,1,56
1120,280,1,1,1,28
360,360,3,1,3,28
3360,3360,3,1,20,14
72,18,1,1,1,56
576,576,3,2,18,7
132,528,1,1,1,7
440,110,1,1,1,7
2304,2304,3,2,36,7
1920,1920,3,1,15,7
64,64,3,1,2,28
784,3136,1,1,1,7
3840,3840,3,1,32,14
64,64,3,1,2,112
1280,320,1,1,1,7
432,432,3,1,18,7
1664,1664,3,2,26,7
48,48,3,2,2,112
1008,1008,3,2,14,7
20,40,1,2,1,112
120,120,3,1,3,28
72,288,1,1,1,7
1520,1520,3,1,38,14
96,96,3,2,4,28
80,80,3,1,5,56
1312,1312,1,1,1,14
288,1152,1,1,1,7
96,96,1,1,1,112
80,80,1,1,1,56
520,520,3,1,13,7
60,240,1,1,1,14
1320,330,1,1,1,14
1856,1856,1,1,1,56
1456,1456,3,2,13,7
3968,3968,3,2,31,7
744,186,1,1,1,7
392,392,3,1,7,28
2176,2176,1,1,1,14
1472,368,1,1,1,7
64,16,1,1,1,112
3248,3248,3,1,29,7
754,3016,1,1,1,14
144,144,3,2,6,56
26,80,1,2,1,56
360,1440,1,1,1,14
1024,1024,3,1,32,7
48,96,1,2,1,112
372,1488,1,1,1,14
1848,1848,1,1,1,14
232,928,1,1,1,7
1232,1232,3,1,11,28
792,792,3,2,33,7
888,888,3,2,37,14
56,56,3,1,1,56
168,168,3,1,3,56
3944,3944,1,1,1,14
1232,1232,3,1,11,14
30,120,1,1,1,28
136,136,1,1,1,14
1680,1680,3,2,10,14
1680,1680,3,2,15,7
360,1440,1,1,1,28
2496,2496,3,2,39,7
80,80,1,1,1,112
1024,256,1,1,1,56
3584,3584,3,1,28,14
120,360,1,1,1,56
896,896,3,2,7,56
1856,1856,3,2,8,28
434,1736,1,1,1,14
368,1472,1,1,1,7
480,120,1,1,1,7
2016,2016,3,2,36,7
1656,1656,3,2,23,14
192,192,3,1,6,28
2912,2912,3,2,26,14
336,336,3,1,14,7
342,1368,1,1,1,7
232,928,1,1,1,56
200,200,3,2,5,14
392,392,1,1,1,56
192,192,3,1,24,14
2048,512,1,1,1,28
1088,1088,3,1,34,14
2176,544,1,1,1,7
3456,3456,1,1,1,7
592,592,1,1,1,14
480,1920,1,1,1,28
1120,1120,3,1,28,7
120,240,1,1,1,112
2816,704,1,1,1,14
88,88,3,1,11,28
2088,2088,3,2,9,28
1392,348,1,1,1,28
3696,3696,3,2,33,14
200,200,3,1,5,28
256,256,1,1,1,112
2184,2184,3,1,13,14
792,792,3,1,33,14
2496,2496,3,1,39,14
112,224,1,1,1,56
2664,2664,3,1,37,7
1664,1664,1,1,1,7
1520,1520,1,1,1,14
608,2432,1,1,1,7
840,840,3,1,7,28
2016,2016,3,1,12,28
864,216,1,1,1,7
192,192,1,1,1,112
1008,252,1,1,1,14
1968,1968,3,1,41,14
2040,2040,3,2,17,7
912,912,3,2,19,7
2432,2432,3,2,19,14
1024,1024,3,2,8,56
912,912,3,1,19,14
520,520,1,1,1,7
2816,704,1,1,1,7
37,112,1,1,1,56
1456,1456,3,2,13,14
1392,1392,3,2,6,56
64,64,3,2,8,14
224,224,3,1,4,14
768,768,3,1,24,14
48,48,3,1,6,56
336,336,3,2,3,112
56,14,1,1,1,28
2176,2176,3,1,34,14
48,48,1,1,1,14
408,102,1,1,1,7
1536,384,1,1,1,7
800,3200,1,1,1,14
1392,1392,3,1,6,28
384,384,3,2,8,14
88,22,1,1,1,7
952,3808,1,1,1,14
48,48,3,1,6,28
72,72,1,1,1,112
1792,1792,3,1,14,14
256,1024,1,1,1,28
512,512,3,2,32,14
1560,1560,1,1,1,28
1344,1344,3,2,24,14
960,3840,1,1,1,7
1944,1944,3,1,27,14
384,96,1,1,1,14
16,64,1,1,1,112
928,928,3,2,29,7
88,352,1,1,1,7
112,448,1,1,1,7
336,336,3,1,6,56
324,1296,1,1,1,7
12,48,1,1,1,56
1536,1536,1,1,1,7
840,3360,1,1,1,7
30,120,1,1,1,14
336,336,3,1,7,28
152,152,1,1,1,14
128,256,1,2,1,112
74,224,1,2,1,56
1624,1624,3,2,7,14
768,768,3,1,24,7
2088,2088,1,1,1,14
1024,1024,1,1,1,28
512,512,3,2,8,14
384,384,3,1,24,7
168,168,3,2,21,7
320,320,3,2,20,7
16,64,1,1,1,56
112,112,3,1,7,28
888,222,1,1,1,14
1568,1568,3,1,28,14
492,1968,1,1,1,7
1024,1024,3,1,16,28
1512,1512,3,1,9,14
252,504,1,1,1,56
880,220,1,1,1,7
192,192,3,1,6,14
12,24,1,1,1,112
280,280,3,2,7,56
1456,1456,1,1,1,7
232,232,3,2,29,7
2176,2176,3,2,34,14
160,160,3,2,4,14
592,2368,1,1,1,14
120,30,1,1,1,112
600,2400,1,1,1,7
2184,2184,3,1,39,7
16,48,1,1,1,56
3248,3248,1,1,1,28
464,116,1,1,1,7
85,256,1,1,1,112
2232,2232,3,2,31,7
168,168,3,1,7,28
2280,2280,1,1,1,14
350,1400,1,1,1,7
640,640,3,2,5,28
880,880,1,1,1,14
320,320,3,2,8,14
744,744,3,1,31,7
1040,1040,3,1,26,7
256,256,3,1,4,14
2944,2944,3,1,23,7
2,8,1,2,1,112
690,2760,1,1,1,7
2176,2176,3,1,34,7
3720,3720,3,1,31,7
2464,2464,3,1,22,14
60,120,1,2,1,56
1920,1920,3,1,30,7
672,2688,1,1,1,14
416,1664,1,1,1,7
288,288,3,2,18,14
464,1856,1,1,1,14
1400,350,1,1,1,14
384,384,3,2,12,28
1224,1224,1,1,1,14
1152,1152,3,1,36,14
416,416,3,1,26,14
96,96,3,2,12,7
3136,3136,3,1,28,14
3968,3968,3,1,31,14
1232,1232,1,1,1,14
160,160,3,2,4,28
1160,290,1,1,1,56
2240,2240,3,2,40,7
952,238,1,1,1,14
64,192,1,1,1,56
616,616,3,2,11,7
72,288,1,1,1,14
240,240,3,1,30,7
320,320,1,1,1,28
1664,1664,3,1,13,7
196,784,1,1,1,7
1080,1080,3,2,9,28
3480,3480,3,1,29,7
24,48,1,1,1,112
2280,2280,1,1,1,7
384,384,3,1,16,14
1408,1408,3,2,11,7
6,24,1,1,1,112
1512,1512,3,2,9,7
128,128,3,1,8,14
1824,456,1,1,1,7
1920,1920,3,2,15,28
348,696,1,1,1,112
3248,812,1,1,1,14
1000,1000,3,2,25,7
984,984,3,1,41,14
1656,1656,1,1,1,7
714,2856,1,1,1,7
648,648,3,1,27,7
448,448,1,1,1,56
60,240,1,1,1,7
2664,2664,3,2,37,14
2464,2464,3,1,22,7
2184,546,1,1,1,28
128,128,1,1,1,28
240,240,3,1,2,28
2,8,1,2,1,56
2912,2912,1,1,1,14
672,672,3,1,6,28
1800,450,1,1,1,7
2304,576,1,1,1,14
2304,2304,3,2,36,14
560,560,3,1,5,28
64,64,3,2,8,56
3960,3960,3,2,33,14
1624,1624,3,2,29,7
96,24,1,1,1,112
1152,1152,3,2,9,28
112,112,1,1,1,56
1800,1800,3,2,15,14
630,2520,1,1,1,7
3480,3480,3,2,29,14
1344,1344,1,1,1,14
486,1944,1,1,1,14
2856,2856,3,2,17,7
640,2560,1,1,1,14
1008,1008,3,2,42,7
448,112,1,1,1,28
1160,1160,3,1,5,28
690,2760,1,1,1,14
480,480,1,1,1,14
2400,600,1,1,1,14
18,72,1,1,1,56
276,1104,1,1,1,14
64,64,3,1,1,56
320,320,3,2,8,56
960,960,3,1,20,14
128,128,3,2,1,112
2320,2320,1,1,1,14
624,624,3,1,13,28
96,24,1,1,1,14
2760,2760,3,1,23,7
192,192,3,2,6,56
432,108,1,1,1,28
1800,1800,3,2,25,7
504,504,3,1,9,14
120,120,3,1,3,112
224,224,3,2,7,14
1520,1520,1,1,1,7
3720,3720,1,1,1,14
320,320,3,2,5,14
224,672,1,1,1,112
528,528,3,1,33,14
1792,1792,1,1,1,28
3016,3016,1,1,1,28
272,272,3,1,17,14
1312,1312,3,2,41,14
3840,3840,3,2,32,14
120,240,1,2,1,56
2184,2184,3,2,39,14
1584,1584,3,1,22,7
48,192,1,1,1,7
1632,1632,3,1,34,7
440,440,3,2,11,28
1560,1560,1,1,1,7
1480,1480,3,1,37,14
576,576,3,1,12,14
672,672,3,1,4,14
304,304,3,2,19,7
980,3920,1,1,1,7
432,432,3,1,18,14
48,48,3,1,6,14
896,3584,1,1,1,14
480,480,3,2,4,28
2800,2800,1,1,1,14
868,3472,1,1,1,7
84,168,1,1,1,112
8,16,1,1,1,112
136,34,1,1,1,7
1776,444,1,1,1,7
1568,1568,3,2,14,28
14,56,1,1,1,14
2432,608,1,1,1,14
2496,2496,1,1,1,7
1456,1456,1,1,1,28
168,168,3,2,7,56
896,896,3,1,14,14
480,480,3,1,4,14
1456,1456,3,1,13,14
2592,648,1,1,1,14
496,496,3,1,31,7
288,288,3,2,36,14
368,1472,1,1,1,14
1512,1512,3,1,21,14
352,352,3,1,11,7
288,288,3,1,36,7
1280,1280,3,1,10,7
2944,2944,1,1,1,14
1680,1680,3,2,10,7
1216,1216,1,1,1,14
144,144,3,1,6,28
400,100,1,1,1,14
2592,2592,1,1,1,14
1392,1392,3,2,6,14
1040,1040,3,2,26,14
192,768,1,1,1,7
1456,364,1,1,1,7
192,192,3,2,3,112
296,74,1,1,1,7
232,232,1,1,1,56
432,432,1,1,1,14
440,440,1,1,1,28
342,1368,1,1,1,14
1728,1728,3,1,36,7
2800,2800,3,1,25,14
640,160,1,1,1,14
980,3920,1,1,1,14
1736,434,1,1,1,7
744,186,1,1,1,14
80,80,3,1,2,56
21,64,1,1,1,56
192,192,3,2,8,56
2560,2560,1,1,1,7
3480,3480,3,1,15,7
120,360,1,2,1,112
1568,392,1,1,1,14
1856,1856,3,1,29,7
2304,2304,3,2,18,7
1944,1944,3,1,27,7
416,416,1,1,1,14
464,1856,1,1,1,7
656,164,1,1,1,14
896,224,1,1,1,7
1280,1280,3,2,20,7
232,232,3,2,29,14
2376,2376,1,1,1,7
384,384,3,2,8,28
576,576,3,1,36,7
480,480,3,1,12,14
294,1176,1,1,1,56
2184,2184,3,2,13,7
26,80,1,1,1,56
896,224,1,1,1,14
1568,1568,1,1,1,28
1440,1440,3,2,12,14
98,392,1,1,1,28
328,328,1,1,1,14
1392,1392,1,1,1,7
1104,1104,3,2,23,7
1920,1920,3,1,16,28
144,144,3,1,9,14
2464,616,1,1,1,7
2088,2088,3,1,9,7
192,192,3,2,8,28
648,648,1,1,1,28
672,672,1,1,1,7
1624,406,1,1,1,28
576,576,3,1,8,7
1216,304,1,1,1,14
832,832,3,1,13,28
1792,1792,1,1,1,7
2352,2352,1,1,1,7
256,256,3,2,16,14
736,736,3,2,23,14
600,150,1,1,1,14
1008,1008,3,1,14,7
3944,3944,3,2,17,14
696,174,1,1,1,112
1584,1584,3,2,33,7
1600,1600,3,2,40,14
96,96,3,1,3,56
216,216,3,1,9,14
160,40,1,1,1,28
1968,1968,3,2,41,7
24,24,3,2,3,28
2624,2624,3,1,41,7
48,48,3,2,3,112
992,992,3,2,31,7
2784,2784,1,1,1,7
3584,3584,1,1,1,14
24,96,1,1,1,7
3840,3840,3,2,32,7
288,72,1,1,1,14
672,672,1,1,1,28
2496,624,1,1,1,14
2736,684,1,1,1,14
250,1000,1,1,1,14
792,792,1,1,1,28
480,480,3,2,10,14
1632,1632,3,1,34,14
2296,2296,3,2,41,7
58,232,1,1,1,14
2160,2160,3,2,18,7
1624,1624,3,1,29,14
1200,1200,3,1,30,14
2592,2592,3,2,36,14
72,72,1,1,1,7
144,36,1,1,1,28
192,192,3,2,12,28
1320,1320,3,2,33,14
1320,1320,3,2,33,7
128,128,3,1,16,28
1440,1440,3,1,12,14
108,216,1,2,1,56
144,144,1,1,1,112
1080,1080,3,1,15,14
120,120,3,2,5,28
36,144,1,1,1,14
140,560,1,1,1,7
522,2088,1,1,1,7
112,112,3,1,1,56
240,240,3,1,2,56
3600,3600,1,1,1,7
880,880,1,1,1,7
1800,1800,3,2,15,28
32,8,1,1,1,112
1408,1408,1,1,1,14
3136,3136,1,1,1,7
120,30,1,1,1,7
512,512,3,2,16,28
496,1984,1,1,1,7
864,864,3,2,36,14
1344,1344,3,2,12,7
728,728,1,1,1,28
576,576,3,1,18,14
32,32,3,1,4,14
384,384,3,1,6,28
160,40,1,1,1,7
400,400,1,1,1,28
696,696,3,2,29,7
920,230,1,1,1,14
2688,672,1,1,1,7
960,960,3,1,20,7
3456,3456,1,1,1,14
3360,3360,3,1,30,7
1792,1792,3,2,28,7
728,728,3,1,13,7
1920,1920,3,2,30,7
2520,2520,3,1,21,14
150,600,1,1,1,56
3920,980,1,1,1,14
3840,3840,3,2,30,7
512,512,3,1,8,14
126,504,1,1,1,112
112,336,1,2,1,112
560,560,3,2,10,14
320,1280,1,1,1,7
1920,1920,3,1,15,14
40,80,1,2,1,56
44,176,1,1,1,7
56,56,3,1,1,112
432,432,3,2,27,7
1104,1104,3,1,23,7
18,56,1,2,1,56
280,1120,1,1,1,7
240,240,3,1,5,28
336,336,3,1,2,28
378,1512,1,1,1,14
1568,1568,3,2,28,7
952,238,1,1,1,7
2560,2560,1,1,1,14
13,40,1,1,1,56
3016,3016,1,1,1,7
250,1000,1,1,1,7
37,112,1,2,1,56
448,448,3,1,28,7
168,168,3,2,1,112
546,2184,1,1,1,14
1512,1512,1,1,1,7
1160,1160,3,1,29,7
1176,1176,3,2,21,7
1280,1280,3,1,40,7
480,480,3,2,4,112
112,336,1,1,1,56
576,576,3,1,12,28
1064,1064,1,1,1,7
1568,1568,3,1,14,14
192,192,3,1,12,14
3136,3136,1,1,1,14
406,1624,1,1,1,14
110,440,1,1,1,28
1440,1440,3,2,20,14
3480,3480,3,2,15,7
2624,2624,3,2,41,14
2376,2376,3,1,33,7
2048,2048,1,1,1,28
160,480,1,1,1,112
2016,2016,3,1,42,14
24,24,3,2,3,112
1104,1104,1,1,1,7
420,1680,1,1,1,28
672,672,3,1,14,7
416,416,3,1,13,28
280,280,3,1,5,28
1296,1296,3,2,27,7
3200,3200,1,1,1,7
592,592,3,1,37,14
200,200,1,1,1,28
160,160,3,1,4,28
328,328,3,1,41,7
896,896,3,2,7,28
64,64,3,1,8,28
600,600,3,2,5,56
1008,1008,3,1,9,28
256,256,1,1,1,56
2016,504,1,1,1,14
3120,3120,1,1,1,7
544,136,1,1,1,7
2184,2184,1,1,1,14
864,864,3,2,12,14
784,784,1,1,1,7
1624,1624,1,1,1,14
2400,2400,1,1,1,14
192,192,3,1,3,56
1584,396,1,1,1,14
728,728,3,1,13,14
1664,1664,3,2,13,14
272,272,3,2,34,14
656,656,3,1,41,7
240,960,1,1,1,56
784,784,1,1,1,28
792,792,3,1,11,28
104,416,1,1,1,14
56,56,1,1,1,28
12,48,1,1,1,28
456,114,1,1,1,14
2232,2232,3,1,31,7
644,2576,1,1,1,7
232,696,1,1,1,112
448,448,3,2,8,7
1728,1728,3,2,24,14
128,384,1,1,1,56
320,320,3,2,10,14
50,200,1,1,1,14
1600,1600,3,1,40,14
896,896,3,2,8,14
532,2128,1,1,1,14
672,672,1,1,1,56
588,2352,1,1,1,28
416,416,3,2,26,14
594,2376,1,1,1,7
1472,1472,1,1,1,7
216,54,1,1,1,28
392,392,3,2,7,28
216,216,3,2,9,28
186,744,1,1,1,14
720,180,1,1,1,28
400,1600,1,1,1,14
5,16,1,2,1,112
960,960,3,2,15,28
24,72,1,2,1,112
3712,3712,3,2,29,14
592,148,1,1,1,14
2016,2016,1,1,1,7
560,560,3,1,14,14
928,3712,1,1,1,14
1008,1008,3,1,6,14
1472,1472,3,1,23,14
1680,1680,3,1,35,14
1904,476,1,1,1,14
1560,1560,3,2,13,28
120,120,3,2,3,28
928,928,3,1,4,28
768,768,3,2,12,7
1776,1776,1,1,1,14
1792,448,1,1,1,28
696,696,3,1,3,112
2232,2232,1,1,1,14
80,80,3,1,2,28
768,3072,1,1,1,14
80,160,1,2,1,112
2112,528,1,1,1,7
660,2640,1,1,1,14
504,504,3,1,7,14
56,14,1,1,1,14
1344,1344,3,2,42,14
992,992,3,1,31,14
1216,1216,3,2,38,14
168,672,1,1,1,7
520,520,1,1,1,14
16,48,1,2,1,56
1104,276,1,1,1,7
384,384,3,2,8,7
492,1968,1,1,1,14
672,672,3,1,4,56
1656,1656,1,1,1,14
520,520,3,2,13,28
2560,2560,3,1,40,7
1568,1568,3,2,14,7
990,3960,1,1,1,14
960,960,3,1,8,28
240,960,1,1,1,7
3696,3696,3,1,33,7
132,528,1,1,1,14
1848,1848,3,2,11,14
288,288,3,2,12,28
2232,2232,3,1,31,14
456,456,3,1,19,14
3840,3840,1,1,1,14
704,704,3,2,11,14
272,272,1,1,1,14
28,112,1,1,1,7
520,130,1,1,1,14
768,768,3,2,12,28
256,512,1,2,1,56
288,288,3,2,4,56
1904,1904,3,1,34,7
896,3584,1,1,1,7
496,124,1,1,1,7
576,576,3,2,9,14
264,264,3,2,11,7
480,480,1,1,1,7
48,48,3,2,6,14
2160,2160,3,1,18,14
1152,1152,3,2,16,7
320,80,1,1,1,7
1960,1960,3,1,35,7
168,672,1,1,1,14
896,896,3,2,8,7
552,552,3,2,23,14
192,192,1,1,1,56
120,480,1,1,1,14
348,1392,1,1,1,7
16,16,3,1,1,56
360,360,3,2,3,56
120,120,1,1,1,112
296,1184,1,1,1,7
448,448,3,2,4,112
624,624,3,2,26,7
3072,3072,1,1,1,7
416,416,3,2,13,14
144,144,3,1,3,112
624,156,1,1,1,28
2736,2736,3,1,38,7
160,160,1,1,1,28
360,360,3,1,15,14
2520,630,1,1,1,14
232,696,1,1,1,56
768,192,1,1,1,28
16,16,3,2,2,28
672,168,1,1,1,56
96,192,1,1,1,112
936,936,3,1,13,7
348,696,1,2,1,56
558,2232,1,1,1,7
2560,2560,3,1,20,14
1728,1728,1,1,1,14
1224,306,1,1,1,7
1480,370,1,1,1,14
2952,2952,1,1,1,14
2376,2376,3,1,33,14
264,264,3,2,33,14
160,160,3,2,4,112
1152,1152,3,2,24,7
232,464,1,2,1,112
992,248,1,1,1,14
20,80,1,1,1,14
864,864,1,1,1,14
2760,2760,3,2,23,14
1664,416,1,1,1,14
640,640,3,2,16,14
1232,1232,3,2,22,14
812,3248,1,1,1,7
576,576,3,2,12,14
1664,1664,3,1,13,28
392,392,1,1,1,14
2072,518,1,1,1,7
2576,2576,3,2,23,14
888,888,1,1,1,7
728,2912,1,1,1,14
126,504,1,1,1,7
360,360,3,2,15,14
272,272,3,2,34,7
1904,1904,3,1,34,14
512,512,1,1,1,7
1488,1488,3,1,31,14
80,80,3,1,2,112
936,936,3,1,39,7
1120,1120,3,1,20,14
448,112,1,1,1,56
600,600,3,1,15,14
208,208,3,2,26,14
96,96,3,2,12,14
12,24,1,1,1,56
224,224,3,1,28,14
200,200,3,1,5,14
28,56,1,1,1,112
32,128,1,1,1,14
136,544,1,1,1,14
1920,1920,3,1,15,28
432,432,3,2,18,14
130,520,1,1,1,14
3968,992,1,1,1,14
112,112,3,1,2,56
600,150,1,1,1,28
3072,3072,3,1,24,14
1392,1392,3,2,6,28
304,304,3,2,38,14
2240,2240,3,2,35,14
128,256,1,1,1,56
480,480,3,2,30,7
3240,3240,1,1,1,7
80,320,1,1,1,56
256,256,3,2,16,7
1480,370,1,1,1,7
1728,1728,3,1,24,14
448,448,3,1,14,14
432,432,1,1,1,28
936,936,3,2,13,7
336,336,3,2,14,28
960,960,3,2,8,56
128,384,1,1,1,112
108,216,1,1,1,112
768,3072,1,1,1,7
3696,3696,3,1,22,7
504,504,3,1,3,56
928,928,3,1,4,56
3024,3024,3,1,27,14
1624,1624,3,1,7,28
1248,312,1,1,1,7
32,128,1,1,1,7
1664,416,1,1,1,7
3920,3920,3,2,35,14
528,2112,1,1,1,7
1728,1728,3,2,36,7
476,1904,1,1,1,14
896,896,3,1,7,14
112,112,3,2,14,28
832,208,1,1,1,14
1248,1248,3,2,39,14
544,544,3,1,34,7
200,200,3,2,5,28
1568,1568,1,1,1,14
528,528,3,1,11,14
128,384,1,2,1,56
2808,2808,3,1,39,14
1008,1008,3,1,6,28
216,216,3,1,9,7
160,480,1,1,1,56
400,400,3,1,25,7
1792,1792,3,1,14,7
192,192,3,2,6,28
60,120,1,1,1,112
384,384,3,2,24,14
336,336,3,2,14,7
3808,3808,1,1,1,7
1104,276,1,1,1,14
50,200,1,1,1,28
120,240,1,1,1,56
72,288,1,1,1,28
240,240,3,1,15,14
2088,2088,3,1,9,28
1288,322,1,1,1,7
14,56,1,1,1,56
280,280,3,1,7,56
80,240,1,1,1,56
3584,3584,3,1,28,7
896,896,3,2,8,28
768,768,3,1,6,28
152,152,3,1,19,14
768,768,3,1,16,7
120,120,3,1,5,56
1056,1056,3,2,22,7
600,2400,1,1,1,14
384,384,3,2,8,56
640,640,3,2,16,28
270,1080,1,1,1,14
2520,630,1,1,1,7
112,112,3,2,1,112
304,304,3,2,38,7
240,240,3,1,10,7
1728,432,1,1,1,14
400,1600,1,1,1,7
576,2304,1,1,1,7
320,80,1,1,1,56
2784,696,1,1,1,14
1848,1848,1,1,1,28
896,896,3,2,28,7
840,840,3,2,5,28
8,8,3,1,1,112
80,160,1,2,1,56
896,896,3,1,8,14
1800,1800,3,1,15,28
2176,2176,3,2,34,7
60,240,1,1,1,28
360,90,1,1,1,28
20,40,1,2,1,56
96,96,3,1,12,14
1664,1664,3,2,13,28
256,256,3,1,16,14
416,416,1,1,1,7
648,648,3,1,27,14
1560,1560,3,1,39,14
168,504,1,1,1,112
272,1088,1,1,1,14
512,128,1,1,1,28
2352,2352,3,1,14,7
576,576,3,2,12,28
1920,1920,3,2,16,7
200,200,3,2,25,14
148,592,1,1,1,7
2688,2688,3,1,21,7
154,616,1,1,1,28
3456,3456,3,2,27,7
840,840,3,2,15,7
2520,2520,3,2,21,14
21,64,1,2,1,56
306,1224,1,1,1,14
1456,1456,3,2,26,14
406,1624,1,1,1,28
984,246,1,1,1,7
1368,342,1,1,1,7
504,504,3,2,21,7
510,2040,1,1,1,14
1904,1904,3,2,34,14
1224,1224,3,2,17,7
2856,2856,3,1,17,14
1152,1152,3,2,18,7
2464,616,1,1,1,14
40,80,1,1,1,56
2304,2304,3,1,36,14
96,384,1,1,1,7
1120,1120,3,2,28,14
88,88,3,2,11,28
56,56,3,2,7,14
800,200,1,1,1,7
1664,1664,1,1,1,28
800,800,3,1,25,14
2160,2160,3,2,30,14
2688,2688,3,1,24,14
296,296,3,1,37,14
128,384,1,2,1,112
1008,1008,3,2,6,14
576,576,3,1,24,7
40,40,3,2,1,56
1120,1120,3,2,10,28
224,224,3,1,7,56
400,400,3,2,10,28
1408,1408,3,1,22,14
696,696,1,1,1,56
2400,2400,3,1,20,7
176,704,1,1,1,7
48,48,3,2,6,56
1792,1792,3,1,16,7
144,144,3,2,3,112
3240,810,1,1,1,14
3248,3248,3,1,14,7
2040,2040,1,1,1,14
672,672,3,1,21,7
2352,2352,3,1,42,14
74,296,1,1,1,14
1584,1584,1,1,1,7
3072,3072,3,2,24,7
840,3360,1,1,1,14
840,840,1,1,1,14
240,240,3,2,10,14
336,336,3,2,42,14
2448,2448,1,1,1,14
1360,1360,1,1,1,14
1224,1224,3,2,17,14
20,80,1,1,1,56
168,168,1,1,1,56
456,456,1,1,1,7
42,168,1,1,1,112
84,168,1,1,1,56
720,2880,1,1,1,14
238,952,1,1,1,7
272,272,3,2,17,7
360,90,1,1,1,112
112,28,1,1,1,28
496,496,3,2,31,7
1176,1176,3,2,21,14
216,216,3,2,27,14
1536,1536,3,2,32,7
3136,784,1,1,1,14
1584,1584,3,1,33,7
136,136,3,1,17,14
336,336,3,2,21,14
1856,1856,3,1,29,14
780,3120,1,1,1,7
350,1400,1,1,1,14
2352,2352,3,1,14,28
208,832,1,1,1,7
1640,1640,1,1,1,14
1848,1848,3,2,11,7
148,592,1,1,1,14
456,114,1,1,1,7
528,528,3,2,11,14
1344,1344,3,1,42,14
3808,3808,3,2,34,7
248,992,1,1,1,7
144,144,3,1,18,7
1160,1160,3,1,5,14
120,30,1,1,1,14
3024,3024,3,1,27,7
528,528,3,2,33,14
3864,3864,1,1,1,7
648,648,3,1,9,14
384,384,3,1,3,28
176,704,1,1,1,14
168,168,3,1,3,112
1176,1176,3,1,7,28
720,180,1,1,1,7
120,480,1,1,1,112
2808,2808,1,1,1,7
280,280,1,1,1,14
1728,432,1,1,1,7
112,112,3,1,7,14
112,112,1,1,1,28
160,480,1,2,1,56
168,42,1,1,1,7
190,760,1,1,1,14
384,384,1,1,1,112
224,224,3,2,4,28
272,272,3,1,17,7
520,130,1,1,1,28
130,520,1,1,1,28
1056,1056,3,1,22,7
432,432,3,2,6,28
512,512,3,2,8,7
42,168,1,1,1,7
544,544,3,2,17,14
2304,2304,3,1,32,7
224,224,3,1,4,28
3016,3016,3,1,13,28
840,840,1,1,1,28
256,256,1,1,1,7
1624,1624,3,1,7,56
312,312,3,2,39,14
192,192,3,2,6,14
2784,2784,3,2,12,14
64,256,1,1,1,112
224,224,3,1,7,14
1776,1776,3,2,37,7
3960,3960,3,2,33,7
208,208,1,1,1,28
312,312,3,1,13,14
2944,2944,3,2,23,7
840,840,3,1,7,14
608,608,3,2,38,7
2352,2352,3,1,14,14
360,360,3,2,9,14
152,608,1,1,1,14
52,208,1,1,1,7
512,512,3,1,4,112
1624,1624,3,2,7,56
28,112,1,1,1,14
1680,1680,3,2,15,28
768,768,3,2,16,14
32,32,3,2,1,56
2640,660,1,1,1,7
60,120,1,2,1,112
216,216,3,2,27,7
720,180,1,1,1,56
168,168,3,2,7,14
1848,462,1,1,1,28
2808,702,1,1,1,7
672,672,3,1,28,14
2296,2296,3,2,41,14
224,224,3,2,2,112
1560,1560,3,1,13,7
952,952,1,1,1,7
896,896,3,1,8,7
320,320,3,1,20,14
52,208,1,1,1,28
1368,1368,3,1,19,14
204,816,1,1,1,7
2784,2784,3,2,12,28
1280,1280,3,2,40,14
792,792,3,1,11,7
264,66,1,1,1,7
720,720,3,1,18,7
336,336,3,1,2,56
304,304,3,1,38,14
832,832,1,1,1,14
672,2688,1,1,1,28
840,840,3,2,21,14
512,512,3,2,32,7
768,768,3,2,32,7
368,368,1,1,1,14
2088,2088,3,2,9,14
1400,1400,3,1,35,7
406,1624,1,1,1,56
128,256,1,1,1,112
4,8,1,2,1,112
448,448,3,1,4,112
992,992,1,1,1,14
1792,1792,3,1,16,14
96,96,3,2,2,28
24,96,1,1,1,56
1680,1680,3,1,15,28
1000,250,1,1,1,7
1680,1680,3,2,15,14
408,1632,1,1,1,14
1680,1680,3,2,42,14
504,504,3,1,7,28
160,160,3,2,10,14
2160,2160,3,2,18,14
32,32,3,2,2,56
504,504,1,1,1,7
2176,2176,3,2,17,7
560,560,3,1,5,56
90,360,1,1,1,112
816,816,3,2,17,14
1088,272,1,1,1,14
40,120,1,2,1,112
42,168,1,1,1,56
32,128,1,1,1,112
330,1320,1,1,1,28
3712,3712,1,1,1,14
80,80,3,1,5,14
1152,1152,3,2,16,14
320,320,3,1,40,7
224,224,3,1,2,28
1520,380,1,1,1,14
160,160,3,1,4,14
312,1248,1,1,1,14
1064,1064,3,1,19,14
64,16,1,1,1,14
1920,480,1,1,1,7
128,128,3,2,2,56
2560,2560,3,2,40,14
28,56,1,1,1,56
1392,1392,1,1,1,28
208,208,3,2,13,28
448,1792,1,1,1,7
320,320,3,1,40,14
1008,1008,3,1,9,7
1736,1736,3,1,31,7
112,112,3,1,14,14
200,200,3,1,5,56
36,144,1,1,1,7
672,672,3,1,12,28
280,280,3,2,35,14
480,1920,1,1,1,14
2688,2688,3,1,24,7
2688,2688,3,2,24,14
696,174,1,1,1,7
840,840,3,1,7,56
256,256,3,2,2,56
1088,1088,3,2,17,7
352,352,3,2,11,7
840,840,3,2,21,7
112,112,3,1,7,56
2576,644,1,1,1,14
1000,1000,3,2,25,14
2856,2856,3,2,17,14
232,696,1,2,1,56
2640,2640,3,1,22,7
3480,3480,3,2,15,28
504,504,3,2,3,56
40,10,1,1,1,14
522,2088,1,1,1,14
280,280,3,2,35,7
920,230,1,1,1,7
2048,2048,3,2,32,14
32,32,3,1,4,28
1088,1088,3,1,17,14
288,72,1,1,1,56
1392,1392,3,1,29,7
784,784,3,1,7,14
3200,3200,3,1,25,7
3920,3920,3,1,35,7
288,288,3,2,9,28
1288,322,1,1,1,14
540,2160,1,1,1,7
504,504,3,1,7,56
384,96,1,1,1,7
174,696,1,1,1,112
2296,2296,1,1,1,7
312,312,3,2,13,14
1800,1800,3,1,25,7
272,272,3,1,34,14
768,768,3,1,16,14
80,160,1,1,1,56
414,1656,1,1,1,14
168,672,1,1,1,56
114,456,1,1,1,7
1240,310,1,1,1,7
2184,2184,1,1,1,7
60,120,1,1,1,56
594,2376,1,1,1,14
360,360,3,1,9,14
3584,896,1,1,1,14
1984,1984,3,2,31,14
1856,1856,3,2,8,14
2376,594,1,1,1,7
640,640,3,2,5,56
96,96,3,2,2,112
128,128,3,2,1,56
1480,1480,3,1,37,7
1120,1120,3,2,28,7
336,84,1,1,1,112
656,656,3,2,41,14
192,192,3,2,8,7
448,448,3,1,14,28
560,560,3,1,35,14
280,70,1,1,1,7
144,144,1,1,1,14
1536,1536,3,1,12,7
640,640,3,2,5,14
128,128,3,1,1,56
608,608,1,1,1,14
34,136,1,1,1,14
2624,2624,3,1,41,14
672,672,3,1,42,14
1512,1512,3,2,27,7
192,192,3,1,4,56
1792,1792,3,1,28,7
240,240,3,2,15,28
192,192,3,1,12,7
1872,1872,3,1,39,7
3864,966,1,1,1,14
680,680,3,1,17,7
128,128,3,1,8,28
320,320,3,1,8,7
1536,1536,3,2,24,7
512,128,1,1,1,7
80,80,3,2,10,7
928,3712,1,1,1,7
1120,1120,3,2,20,7
1680,420,1,1,1,28
56,224,1,1,1,14
112,112,3,1,2,28
640,640,3,2,10,28
1536,1536,3,1,12,14
2112,2112,1,1,1,14
644,2576,1,1,1,14
928,928,1,1,1,14
560,560,3,2,10,28
2160,2160,3,1,18,7
300,1200,1,1,1,28
1536,1536,3,2,32,14
1920,1920,3,2,15,14
392,1568,1,1,1,28
3696,3696,3,1,33,14
3696,3696,3,2,33,7
1232,308,1,1,1,28
1008,1008,3,1,42,14
280,280,3,2,7,14
192,48,1,1,1,112
464,928,1,2,1,112
1728,1728,3,1,24,7
448,448,3,1,7,28
504,2016,1,1,1,28
1008,1008,3,1,9,14
450,1800,1,1,1,14
416,1664,1,1,1,28
768,768,3,2,6,14
784,784,3,2,14,14
960,960,3,1,40,7
1456,364,1,1,1,28
768,192,1,1,1,56
192,192,3,2,24,14
2376,2376,3,2,33,14
2072,2072,3,1,37,14
1728,1728,3,2,27,7
2352,2352,1,1,1,14
1536,1536,1,1,1,14
304,304,3,1,19,7
64,64,3,2,2,112
936,936,3,1,13,14
256,256,3,2,8,28
640,640,3,1,5,56
2664,2664,3,2,37,7
112,112,3,2,7,14
3840,960,1,1,1,14
576,576,3,1,8,28
1080,1080,3,1,15,28
1232,308,1,1,1,7
112,112,1,1,1,112
648,648,3,2,9,14
512,512,3,2,16,14
192,192,3,2,3,28
336,336,3,2,6,56
2296,2296,1,1,1,14
3200,800,1,1,1,14
896,224,1,1,1,28
64,64,3,2,2,56
48,48,1,1,1,28
112,448,1,1,1,14
112,112,1,1,1,7
22,88,1,1,1,7
408,408,3,2,17,14
192,192,1,1,1,28
1920,1920,3,2,30,14
390,1560,1,1,1,28
720,720,3,2,6,28
2952,738,1,1,1,7
448,448,3,1,28,14
240,240,3,2,10,7
588,2352,1,1,1,7
3248,3248,1,1,1,7
3480,3480,1,1,1,14
96,96,3,1,3,112
1080,1080,1,1,1,28
1080,1080,3,2,27,7
2320,2320,3,2,10,28
3720,3720,3,2,31,14
3584,3584,3,1,32,7
3600,3600,3,1,30,7
104,416,1,1,1,7
1240,1240,1,1,1,7
64,256,1,1,1,28
2576,2576,3,2,23,7
1856,464,1,1,1,7
1040,260,1,1,1,7
182,728,1,1,1,14
116,464,1,1,1,56
168,672,1,1,1,28
336,336,3,2,2,112
32,64,1,1,1,56
16,48,1,2,1,112
2320,2320,1,1,1,7
448,448,3,2,8,28
96,24,1,1,1,7
880,880,3,1,22,7
384,384,3,1,24,14
204,816,1,1,1,14
54,216,1,1,1,56
952,952,3,2,17,14
2688,2688,3,1,16,28
280,280,1,1,1,28
360,360,3,1,3,112
544,544,1,1,1,7
296,296,1,1,1,14
53,160,1,2,1,112
1344,1344,3,2,12,14
1240,1240,3,1,31,14
672,672,3,1,4,28
896,896,3,1,16,28
296,296,3,2,37,14
560,560,3,1,35,7
1152,1152,3,1,36,7
888,888,3,1,37,7
112,224,1,2,1,56
576,576,3,1,8,14
180,360,1,2,1,112
96,96,3,1,4,56
256,256,3,2,4,112
2624,656,1,1,1,7
128,512,1,1,1,7
960,960,3,1,24,7
868,3472,1,1,1,14
600,600,1,1,1,14
3456,864,1,1,1,14
92,368,1,1,1,14
1008,1008,3,1,42,7
176,176,3,1,22,7
112,28,1,1,1,14
322,1288,1,1,1,14
56,224,1,1,1,56
1400,1400,3,2,35,14
1152,1152,3,2,16,28
840,840,3,2,15,14
192,192,3,1,3,112
1080,1080,1,1,1,7
576,576,3,1,18,7
1040,1040,1,1,1,14
64,64,3,1,8,56
648,2592,1,1,1,14
592,148,1,1,1,7
1872,1872,1,1,1,7
309,928,1,2,1,56
26,104,1,1,1,14
1856,464,1,1,1,56
64,64,3,2,4,112
149,448,1,2,1,112
832,208,1,1,1,7
696,696,3,2,29,14
672,672,3,2,42,7
224,224,3,2,2,56
992,992,1,1,1,7
2880,2880,3,1,24,14
760,760,3,1,19,7
896,896,3,2,14,7
1456,1456,3,1,13,7
2352,2352,3,2,14,28
240,240,1,1,1,14
288,288,1,1,1,56
496,496,1,1,1,14
2944,2944,1,1,1,7
1232,1232,3,1,22,14
912,912,3,2,19,14
1088,1088,1,1,1,7
936,234,1,1,1,14
920,920,1,1,1,7
2552,2552,1,1,1,28
312,312,3,1,13,28
1296,1296,3,1,27,14
1176,294,1,1,1,7
160,40,1,1,1,112
1344,1344,3,1,8,14
216,54,1,1,1,7
248,248,3,1,31,14
184,184,3,2,23,14
928,232,1,1,1,28
2880,2880,1,1,1,7
168,42,1,1,1,14
736,736,1,1,1,14
176,176,1,1,1,7
2048,2048,3,2,16,14
3584,3584,3,1,32,14
28,112,1,1,1,56
40,160,1,1,1,14
210,840,1,1,1,14
176,176,3,1,11,28
2376,594,1,1,1,14
3584,3584,3,2,32,7
792,792,1,1,1,14
2880,720,1,1,1,7
232,232,3,2,1,56
184,46,1,1,1,7
2016,2016,3,2,28,14
288,288,3,1,36,14
1472,1472,3,2,23,7
3024,3024,1,1,1,14
2240,2240,3,1,35,7
216,216,3,1,27,7
3120,3120,3,2,26,7
720,720,3,1,15,28
600,600,1,1,1,56
32,32,1,1,1,14
360,360,3,1,9,28
66,264,1,1,1,14
336,336,3,1,3,28
920,920,3,1,23,7
3120,3120,1,1,1,14
1368,1368,1,1,1,14
64,16,1,1,1,56
200,200,3,2,25,7
3200,800,1,1,1,7
312,312,1,1,1,7
640,640,3,1,20,7
504,2016,1,1,1,7
1440,360,1,1,1,14
240,240,3,2,2,56
2760,690,1,1,1,14
24,24,3,1,1,112
192,48,1,1,1,7
1176,294,1,1,1,28
1008,1008,3,1,6,56
1400,1400,3,2,35,7
256,256,3,1,32,14
192,192,3,1,8,56
760,760,3,1,19,14
1600,1600,1,1,1,7
296,74,1,1,1,14
792,198,1,1,1,14
1984,1984,3,1,31,7
48,48,3,1,3,28
2128,2128,3,2,38,14
1200,1200,1,1,1,28
880,880,3,1,22,14
1872,468,1,1,1,7
2688,2688,1,1,1,28
2664,2664,1,1,1,14
2016,2016,3,2,12,7
1344,336,1,1,1,14
88,88,3,1,11,7
504,2016,1,1,1,14
2040,510,1,1,1,7
3024,756,1,1,1,14
198,792,1,1,1,7
520,520,3,1,13,28
2304,2304,3,1,18,14
1000,1000,3,1,25,14
448,448,3,1,4,28
744,744,3,1,31,14
1216,304,1,1,1,7
40,10,1,1,1,112
48,48,3,1,3,112
2464,2464,1,1,1,7
230,920,1,1,1,7
512,512,3,1,4,56
348,696,1,2,1,112
24,72,1,2,1,56
3712,3712,3,1,16,7
928,928,1,1,1,56
1160,1160,3,2,29,14
3024,3024,3,1,18,7
2184,2184,3,2,13,28
1176,1176,3,2,7,14
66,264,1,1,1,7
168,42,1,1,1,56
462,1848,1,1,1,14
3016,754,1,1,1,28
666,2664,1,1,1,14
120,480,1,1,1,7
336,1344,1,1,1,14
310,1240,1,1,1,7
128,128,3,2,4,112
208,208,3,2,13,14
1792,1792,3,2,14,7
48,144,1,1,1,56
640,640,3,2,40,7
3328,3328,3,1,26,7
1152,288,1,1,1,7
3968,3968,3,1,31,7
928,928,3,2,29,14
16,16,3,2,1,112
768,768,3,2,32,14
144,144,1,1,1,56
160,160,1,1,1,14
2448,2448,3,2,34,7
3960,3960,1,1,1,7
160,160,3,2,5,56
16,16,1,1,1,28
56,56,3,1,7,56
684,2736,1,1,1,7
504,504,3,1,21,7
16,64,1,1,1,7
1120,1120,3,2,35,14
720,720,1,1,1,7
3960,990,1,1,1,14
800,800,1,1,1,7
384,384,3,2,16,7
1008,1008,3,1,18,7
14,56,1,1,1,112
600,600,3,1,15,28
18,72,1,1,1,14
200,200,1,1,1,7
744,744,3,2,31,14
352,88,1,1,1,28
2880,2880,3,1,40,14
704,704,3,1,22,7
728,728,1,1,1,14
2016,2016,3,2,12,28
224,224,3,1,4,112
154,616,1,1,1,7
960,240,1,1,1,14
144,144,3,1,18,14
640,640,3,1,10,14
336,336,3,1,7,56
120,120,1,1,1,56
88,88,1,1,1,28
3528,3528,3,2,21,7
522,2088,1,1,1,28
32,8,1,1,1,14
616,616,3,1,11,28
784,784,3,2,7,28
784,784,1,1,1,56
468,1872,1,1,1,14
608,608,3,2,19,14
480,480,3,2,4,14
396,1584,1,1,1,7
1280,1280,3,2,32,14
320,320,3,1,10,28
24,24,3,2,3,56
3584,896,1,1,1,7
1248,1248,1,1,1,7
224,896,1,1,1,28
840,210,1,1,1,56
3472,3472,3,1,31,7
1344,1344,3,2,42,7
800,800,1,1,1,14
290,1160,1,1,1,56
1392,348,1,1,1,56
768,768,3,2,6,28
1176,1176,3,1,7,14
2552,2552,3,2,11,14
2448,2448,3,2,34,14
416,416,1,1,1,28
24,48,1,2,1,56
1400,1400,1,1,1,14
124,496,1,1,1,14
1344,1344,3,2,8,28
96,96,3,2,6,56
864,864,3,1,12,28
96,384,1,1,1,28
2448,612,1,1,1,7
240,960,1,1,1,28
192,384,1,2,1,112
720,720,1,1,1,14
76,304,1,1,1,7
912,912,3,1,38,7
280,280,3,2,5,56
3360,3360,3,2,30,7
2368,2368,3,2,37,7
1280,1280,3,2,10,7
190,760,1,1,1,7
600,600,3,1,25,7
1600,400,1,1,1,7
2088,2088,1,1,1,7
960,960,3,1,15,28
2048,512,1,1,1,7
180,720,1,1,1,7
638,2552,1,1,1,7
2296,574,1,1,1,7
504,126,1,1,1,112
1736,1736,3,1,31,14
96,384,1,1,1,56
560,560,3,1,10,7
360,360,3,1,15,28
384,96,1,1,1,28
1488,1488,1,1,1,14
1064,1064,1,1,1,14
1360,1360,1,1,1,7
1008,1008,3,2,9,14
656,164,1,1,1,7
224,224,3,2,2,28
240,240,1,1,1,56
1792,1792,3,2,16,28
1320,330,1,1,1,28
518,2072,1,1,1,7
2128,532,1,1,1,14
448,448,3,2,4,14
24,24,3,1,3,112
720,720,3,1,30,14
50,200,1,1,1,7
720,720,3,2,18,7
1368,1368,3,1,19,7
1024,1024,3,1,8,7
672,672,3,2,12,7
168,168,1,1,1,14
432,432,3,2,27,14
208,208,3,1,26,14
1008,252,1,1,1,56
2304,2304,1,1,1,7
144,144,3,1,2,28
110,440,1,1,1,14
2576,2576,1,1,1,14
54,216,1,1,1,112
168,336,1,2,1,56
1536,1536,3,2,12,28
2520,2520,3,1,15,14
1680,1680,3,1,15,14
704,704,3,2,11,28
128,128,3,2,16,28
160,40,1,1,1,56
480,480,3,2,4,56
888,888,3,1,37,14
128,512,1,1,1,56
192,192,3,2,4,112
864,864,3,1,12,7
448,448,3,2,8,14
440,440,3,1,11,7
1632,1632,1,1,1,14
616,616,3,2,11,28
3720,930,1,1,1,14
864,864,3,2,27,7
640,640,3,1,16,7
1680,1680,3,1,35,7
560,560,3,2,14,28
2184,2184,1,1,1,28
960,960,1,1,1,14
896,896,3,1,14,28
3000,3000,1,1,1,14
168,168,3,1,1,56
170,512,1,2,1,56
154,464,1,2,1,112
720,720,3,1,18,14
280,280,3,2,5,28
656,2624,1,1,1,7
48,48,3,1,2,112
528,528,3,2,33,7
864,864,3,1,18,7
128,128,3,2,4,14
2520,2520,3,2,15,7
756,3024,1,1,1,14
800,800,3,2,20,7
38,152,1,1,1,14
544,544,3,2,34,14
2808,2808,1,1,1,14
336,336,3,1,6,14
5,16,1,2,1,56
128,128,3,1,2,56
36,144,1,1,1,56
680,680,3,2,17,7
1320,1320,3,2,11,28
2128,2128,3,1,19,14
2112,2112,1,1,1,7
1160,1160,3,1,5,56
432,1728,1,1,1,7
1664,1664,3,1,13,14
2280,2280,3,2,19,14
64,256,1,1,1,14
1472,1472,3,1,23,7
112,112,3,1,2,112
16,16,3,1,2,112
1120,1120,1,1,1,28
464,464,1,1,1,56
1344,1344,3,1,28,7
160,160,3,1,20,14
1560,390,1,1,1,7
192,192,1,1,1,7
28,112,1,1,1,28
560,2240,1,1,1,14
728,728,3,1,13,28
696,696,3,1,29,7
2400,600,1,1,1,7
280,280,3,1,7,28
2688,2688,3,1,16,7
2520,2520,3,2,15,14
3024,756,1,1,1,7
1792,1792,3,2,14,28
608,152,1,1,1,7
1824,1824,1,1,1,14
1320,1320,3,1,33,7
1792,1792,3,1,32,14
216,216,3,2,3,56
352,352,3,1,11,14
784,784,3,1,14,28
384,96,1,1,1,112
256,64,1,1,1,7
336,336,3,2,7,56
480,480,3,2,30,14
13,40,1,2,1,56
48,48,1,1,1,56
960,960,3,1,30,7
1080,270,1,1,1,14
48,48,3,2,2,28
160,640,1,1,1,14
3072,3072,1,1,1,14
960,240,1,1,1,28
416,104,1,1,1,7
88,88,3,1,11,14
1520,1520,3,2,38,7
1408,1408,3,1,11,14
448,448,1,1,1,28
232,928,1,1,1,14
1568,392,1,1,1,7
224,224,3,2,7,28
600,600,3,1,5,56
608,608,1,1,1,7
80,20,1,1,1,14
72,144,1,1,1,112
192,384,1,1,1,56
2128,2128,3,2,38,7
1008,1008,3,2,21,14
2320,2320,3,1,10,7
638,2552,1,1,1,14
2552,638,1,1,1,7
960,960,3,2,24,14
1344,336,1,1,1,28
32,32,3,1,4,56
36,72,1,2,1,112
96,384,1,1,1,14
64,64,3,2,8,28
1664,1664,1,1,1,14
810,3240,1,1,1,7
192,192,3,2,8,14
432,1728,1,1,1,14
640,640,3,1,5,28
490,1960,1,1,1,7
512,512,3,1,32,7
74,296,1,1,1,7
2688,2688,3,2,21,7
1824,1824,3,2,38,14
1008,252,1,1,1,28
192,768,1,1,1,28
528,132,1,1,1,14
2048,2048,3,2,32,7
144,144,3,2,2,112
128,128,1,1,1,56
200,200,3,1,25,14
624,624,3,2,13,14
312,312,3,1,39,7
1200,300,1,1,1,7
840,840,3,1,15,14
504,504,3,2,9,14
3360,3360,3,1,28,14
72,72,3,2,1,112
176,176,3,1,11,14
64,128,1,2,1,56
264,264,1,1,1,14
1568,1568,3,2,14,14
360,360,3,2,3,28
384,384,3,2,6,28
2664,666,1,1,1,14
80,80,3,2,10,28
1232,1232,3,1,11,7
736,736,1,1,1,7
320,320,1,1,1,14
98,392,1,1,1,14
900,3600,1,1,1,7
406,1624,1,1,1,7
1624,1624,3,2,29,14
108,432,1,1,1,56
840,840,3,1,21,7
408,1632,1,1,1,7
1512,1512,3,1,9,7
72,72,3,1,9,28
2320,580,1,1,1,28
24,24,1,1,1,112
1920,1920,3,1,16,14
768,768,1,1,1,14
2880,2880,3,2,40,14
3808,952,1,1,1,7
1792,1792,3,1,16,28
3120,780,1,1,1,14
1152,1152,3,1,24,7
328,82,1,1,1,14
2280,2280,3,2,19,7
560,560,1,1,1,7
1040,1040,3,2,26,7
648,162,1,1,1,7
864,864,3,2,12,28
768,768,3,2,6,56
1792,448,1,1,1,7
272,68,1,1,1,14
1944,1944,3,2,27,14
1200,300,1,1,1,14
512,128,1,1,1,14
304,304,1,1,1,14
170,512,1,1,1,56
2040,2040,3,2,17,14
1392,1392,3,1,6,14
4,8,1,2,1,56
136,544,1,1,1,7
48,48,3,2,6,28
3024,3024,1,1,1,7
56,112,1,2,1,112
720,720,3,1,6,56
2368,592,1,1,1,14
768,768,3,2,12,14
2576,2576,1,1,1,7
12,24,1,2,1,112
2016,2016,3,2,12,14
120,480,1,1,1,28
3696,3696,3,2,22,14
266,1064,1,1,1,7
64,64,1,1,1,7
544,544,3,1,17,7
936,234,1,1,1,7
448,448,3,2,14,28
1344,1344,3,1,21,14
832,832,3,1,13,14
232,232,1,1,1,14
2856,714,1,1,1,14
360,360,1,1,1,56
440,440,3,1,11,28
3720,3720,3,2,31,7
570,2280,1,1,1,14
616,616,3,2,11,14
224,672,1,1,1,56
480,480,1,1,1,28
1160,1160,3,1,29,14
1368,1368,3,2,19,14
1152,1152,3,1,16,7
256,64,1,1,1,28
1584,1584,3,2,22,14
1584,1584,3,2,22,7
72,72,3,1,9,14
160,160,3,2,20,7
1176,294,1,1,1,56
2560,640,1,1,1,14
432,432,1,1,1,7
154,464,1,1,1,112
96,96,3,1,4,112
1392,1392,3,2,29,7
1320,1320,1,1,1,14
360,360,3,2,15,7
792,792,3,2,11,28
840,840,3,1,35,7
80,320,1,1,1,28
960,960,3,2,24,7
2784,696,1,1,1,28
576,576,3,2,8,7
448,448,3,2,7,28
3528,3528,1,1,1,7
224,224,3,1,2,56
80,80,3,2,5,14
738,2952,1,1,1,14
128,32,1,1,1,56
120,480,1,1,1,56
240,240,1,1,1,112
640,160,1,1,1,7
464,928,1,2,1,56
1408,1408,3,2,22,14
1408,1408,3,2,11,14
78,312,1,1,1,28
8,8,1,1,1,56
1008,1008,3,1,14,14
208,208,3,2,26,7
1104,1104,3,1,23,14
1920,1920,1,1,1,28
1728,1728,3,2,36,14
1216,1216,3,2,38,7
952,952,3,1,17,14
128,512,1,1,1,112
2912,2912,3,1,26,14
96,96,3,2,4,112
168,672,1,1,1,112
40,40,3,2,5,28
260,1040,1,1,1,7
936,936,3,2,13,28
288,288,3,1,18,14
832,832,3,2,13,28
196,784,1,1,1,14
84,336,1,1,1,112
144,288,1,2,1,112
222,888,1,1,1,7
96,96,3,2,3,112
1312,1312,3,1,41,14
320,320,3,1,10,14
16,16,1,1,1,112
864,3456,1,1,1,7
1296,1296,3,1,27,7
1216,1216,3,2,19,14
18,72,1,1,1,28
1240,1240,3,1,31,7
2232,2232,1,1,1,7
36,72,1,1,1,112
144,144,3,1,3,28
96,96,3,2,6,14
784,784,3,2,14,28
2560,2560,3,2,20,7
432,432,3,1,6,56
16,16,3,2,2,112
44,176,1,1,1,14
3360,840,1,1,1,14
168,42,1,1,1,28
240,240,3,2,5,14
3472,3472,3,2,31,7
840,840,3,1,5,14
784,784,3,2,7,14
110,440,1,1,1,7
714,2856,1,1,1,14
26,80,1,2,1,112
144,576,1,1,1,14
1440,1440,3,1,30,14
3712,928,1,1,1,7
1680,1680,3,1,42,7
992,3968,1,1,1,14
1800,1800,3,1,15,14
2520,2520,3,2,35,7
56,112,1,2,1,56
512,512,3,1,8,28
1824,1824,3,2,38,7
336,672,1,1,1,112
1080,1080,3,2,9,14
176,44,1,1,1,28
144,144,1,1,1,28
2320,2320,1,1,1,28
2184,2184,3,1,13,28
704,704,3,2,11,7
360,360,3,2,5,56
448,448,3,1,8,14
1680,420,1,1,1,14
3192,798,1,1,1,14
320,320,3,2,5,56
864,864,3,2,18,14
2952,2952,1,1,1,7
672,672,3,1,42,7
1288,1288,3,2,23,14
384,384,1,1,1,28
280,70,1,1,1,56
256,256,3,2,8,7
216,54,1,1,1,112
3240,3240,1,1,1,14
840,840,3,2,7,14
480,480,3,1,4,28
3808,952,1,1,1,14
184,184,1,1,1,7
92,368,1,1,1,7
1344,1344,3,1,28,14
672,672,3,2,21,14
1160,290,1,1,1,7
360,360,3,2,3,112
38,152,1,1,1,7
128,512,1,1,1,14
1568,1568,1,1,1,7
928,3712,1,1,1,28
320,1280,1,1,1,28
576,576,3,2,8,28
192,192,3,1,3,28
552,138,1,1,1,14
1088,1088,3,1,17,7
896,896,3,2,7,14
46,184,1,1,1,14
448,448,3,2,4,28
32,96,1,2,1,56
96,96,3,1,2,28
1200,1200,3,2,10,28
8,8,3,2,1,112
58,232,1,1,1,7
1472,368,1,1,1,14
480,1920,1,1,1,7
448,448,3,2,14,14
1024,1024,3,1,32,14
3528,3528,3,1,21,7
640,160,1,1,1,56
2800,2800,1,1,1,7
560,560,3,1,10,14
1320,1320,3,1,11,28
2112,528,1,1,1,14
40,40,3,1,5,14
696,696,1,1,1,14
1120,1120,3,1,10,14
180,360,1,1,1,56
24,72,1,1,1,56
88,352,1,1,1,14
180,720,1,1,1,56
3696,3696,3,2,22,7
240,240,3,1,10,28
192,192,3,2,12,7
1536,1536,3,2,12,7
672,672,3,1,12,14
1200,1200,3,2,10,7
656,656,3,1,41,14
896,896,3,2,16,14
648,162,1,1,1,28
96,96,1,1,1,56
720,180,1,1,1,14
1280,1280,3,1,10,28
1904,1904,3,2,17,14
2232,558,1,1,1,7
920,920,1,1,1,14
2352,588,1,1,1,14
149,448,1,2,1,56
232,58,1,1,1,7
240,240,3,2,6,56
200,200,3,2,5,56
1344,1344,3,2,12,28
1280,1280,3,1,40,14
504,504,3,1,9,7
16,64,1,1,1,28
1680,1680,3,2,42,7
448,448,3,2,7,56
816,816,3,1,17,7
128,128,3,1,16,7
288,288,3,2,6,56
72,18,1,1,1,14
168,168,1,1,1,7
840,210,1,1,1,28
112,112,3,2,14,14
648,648,3,1,9,28
128,32,1,1,1,112
1800,1800,3,2,25,14
8,32,1,1,1,28
2432,2432,3,1,38,14
1320,1320,1,1,1,28
32,8,1,1,1,56
2952,2952,3,2,41,7
1408,1408,1,1,1,28
1080,1080,3,1,27,14
912,912,3,1,38,14
72,72,3,1,3,112
760,190,1,1,1,7
3920,3920,3,1,35,14
240,240,3,1,5,14
136,136,1,1,1,7
720,720,3,1,10,7
2448,2448,3,1,34,7
2160,2160,3,1,30,7
256,256,3,1,4,112
3024,3024,3,2,27,14
18,56,1,1,1,56
72,18,1,1,1,112
56,112,1,1,1,56
72,216,1,1,1,56
48,48,1,1,1,112
138,552,1,1,1,7
600,600,1,1,1,7
312,312,3,2,13,7
2128,2128,3,1,38,14
1176,1176,1,1,1,14
10,32,1,2,1,112
1024,1024,3,2,8,14
360,360,3,2,5,14
1792,1792,3,2,16,7
174,696,1,1,1,56
992,992,3,2,31,14
112,336,1,2,1,56
1008,1008,1,1,1,28
448,112,1,1,1,112
672,672,3,2,21,7
16,32,1,2,1,56
520,520,3,1,13,14
56,56,3,2,7,28
560,560,3,2,14,14
3360,3360,3,1,30,14
528,528,3,2,11,28
200,200,1,1,1,56
80,80,3,2,2,56
136,136,3,2,17,14
256,256,1,1,1,14
64,64,1,1,1,28
448,448,3,1,7,14
3864,3864,3,2,23,7
1920,1920,1,1,1,7
48,12,1,1,1,28
120,30,1,1,1,28
160,160,3,2,10,28
26,80,1,1,1,112
176,176,3,2,22,14
896,896,3,1,8,28
384,384,3,1,6,56
264,264,3,1,11,28
384,384,1,1,1,56
296,296,3,2,37,7
2624,2624,3,2,41,7
256,64,1,1,1,56
1184,1184,3,2,37,7
360,360,3,2,5,28
448,448,1,1,1,7
1400,1400,1,1,1,7
320,320,3,1,5,14
184,46,1,1,1,14
464,116,1,1,1,28
2856,2856,1,1,1,14
360,360,3,1,9,7
1248,1248,3,2,39,7
640,640,3,2,10,7
648,648,3,2,9,7
96,192,1,2,1,56
448,112,1,1,1,14
2304,576,1,1,1,7
1080,1080,3,1,9,7
144,576,1,1,1,28
504,504,3,2,21,14
168,336,1,1,1,112
792,792,3,2,33,14
220,880,1,1,1,7
232,232,1,1,1,112
608,2432,1,1,1,14
464,464,3,1,2,56
1408,1408,3,1,22,7
768,768,3,1,6,14
552,138,1,1,1,7
1024,1024,3,1,8,28
512,512,3,1,4,14
2688,2688,3,2,42,7
304,76,1,1,1,14
3480,870,1,1,1,14
384,384,3,2,6,56
720,720,3,2,10,7
720,720,3,2,6,14
1904,1904,3,1,17,7
8,32,1,1,1,14
164,656,1,1,1,14
1200,1200,1,1,1,14
3864,3864,3,1,23,14
480,480,3,1,20,14
912,912,1,1,1,7
32,8,1,1,1,28
1008,1008,3,1,21,14
2280,2280,3,1,19,14
96,96,3,1,12,7
1344,336,1,1,1,7
448,448,3,2,28,14
2592,2592,1,1,1,7
1280,1280,1,1,1,14
16,16,1,1,1,56
448,448,1,1,1,14
2088,522,1,1,1,7
1120,1120,3,1,35,7
2304,2304,3,1,36,7
152,608,1,1,1,7
960,960,3,2,40,14
77,232,1,2,1,112
3328,3328,3,2,26,14
720,720,3,2,30,7
384,384,3,1,12,28
72,216,1,2,1,112
2640,2640,3,2,22,7
78,312,1,1,1,7
576,576,1,1,1,7
1120,1120,1,1,1,7
3016,3016,1,1,1,14
2952,2952,3,1,41,7
864,864,1,1,1,7
184,184,3,1,23,7
608,608,3,1,38,14
256,256,3,1,2,112
3072,768,1,1,1,7
1080,1080,3,1,27,7
728,2912,1,1,1,7
104,104,3,1,13,14
1984,1984,3,1,31,14
1360,340,1,1,1,7
504,126,1,1,1,7
2016,2016,3,2,18,14
864,864,3,1,36,7
1008,1008,3,1,18,14
96,288,1,1,1,56
336,1344,1,1,1,7
928,928,3,2,4,14
630,2520,1,1,1,14
224,224,3,2,4,56
3248,3248,3,2,14,14
1056,1056,3,2,33,14
336,336,3,1,21,14
952,952,3,1,17,7
30,120,1,1,1,56
288,288,3,1,12,28
3696,3696,1,1,1,7
1800,1800,3,1,15,7
2856,714,1,1,1,7
2232,558,1,1,1,14
3864,3864,1,1,1,14
2880,720,1,1,1,14
10,40,1,1,1,112
960,960,3,2,20,14
504,504,3,2,7,56
2128,2128,1,1,1,14
544,2176,1,1,1,14
600,600,3,2,5,14
48,48,3,2,3,28
768,768,3,1,12,7
1736,1736,3,2,31,14
1776,1776,1,1,1,7
72,288,1,1,1,56
576,576,3,1,8,56
1560,1560,1,1,1,14
2784,2784,3,2,12,7
2296,2296,3,1,41,14
320,80,1,1,1,14
392,392,3,2,7,14
960,960,1,1,1,7
1344,1344,3,1,8,28
16,32,1,1,1,56
1360,340,1,1,1,14
2088,2088,1,1,1,28
864,864,3,2,12,7
1536,1536,3,1,32,7
2400,2400,3,1,20,14
1024,1024,1,1,1,14
392,98,1,1,1,56
1848,1848,3,1,11,28
3960,990,1,1,1,7
3248,3248,3,1,29,14
120,120,3,1,3,56
832,832,1,1,1,28
1008,1008,3,2,9,7
2760,2760,3,2,23,7
1512,1512,3,2,9,28
160,160,3,2,5,14
196,784,1,1,1,56
2664,666,1,1,1,7
48,144,1,2,1,56
288,288,3,1,9,28
736,2944,1,1,1,14
154,464,1,1,1,56
3024,3024,3,1,18,14
336,84,1,1,1,7
48,144,1,2,1,112
210,840,1,1,1,7
552,552,1,1,1,7
544,544,3,1,17,14
2624,2624,1,1,1,14
1176,1176,3,2,7,56
30,120,1,1,1,7
164,656,1,1,1,7
40,40,3,1,5,28
2240,2240,1,1,1,7
152,152,3,2,19,7
1640,410,1,1,1,7
120,120,3,2,15,28
288,288,3,2,12,14
216,54,1,1,1,14
360,360,3,1,15,7
768,768,3,1,12,14
216,216,3,2,3,112
370,1480,1,1,1,7
312,312,3,2,39,7
3120,3120,3,2,26,14
1024,1024,3,1,16,7
288,288,3,1,6,14
576,576,3,2,8,56
224,448,1,2,1,56
896,224,1,1,1,56
396,1584,1,1,1,14
208,832,1,1,1,28
64,64,1,1,1,14
8,24,1,2,1,56
3528,3528,3,2,21,14
432,432,1,1,1,56
720,720,3,1,15,14
8,8,3,2,1,56
128,256,1,2,1,56
2048,2048,3,1,16,28
4,16,1,1,1,112
420,1680,1,1,1,14
2088,2088,3,1,9,14
88,22,1,1,1,28
1152,1152,1,1,1,7
